,RAZÃO SOCIAL,ENDEREÇO,BAIRRO,BANDEIRA,PREÇO VENDA,PREÇO COMPRA,MODELIDADE DE COMPRA,FORNECEDOR (B BRANCA),DATA COLETA,CIDADE,COD_CIDADE,ESTADO,COD_ESTADO,REGIÂO_ESTADO
0,RPMP COMERCIO DE COMBUSTIVEIS LTDA,"AVENIDA JURACY MAGALHAES, S/N",Centro,BRANCA,2.92,2.630,CIF,PETROBAHIA,17/08/2020,alagoinhas,342,Bahia,BA,Centro Subregional A (3A)
1,CPD ENERGETICOS E DERIVADOS DE PETROLEO LTDA.,"RODOVIA BR 101, KM 110,5, S/N",Zona Rural,PETROBRAS DISTRIBUIDORA S.A.,3.19,-,-,-,17/08/2020,alagoinhas,342,Bahia,BA,Centro Subregional A (3A)
2,AUTO POSTO JONGA II COMERCIO DE COMBUSTIVEIS E LUBRIFICANTES LTDA,"RODOVIA BR 101 KM 105, S/N ZONA RURAL",Vale do Sol,LARCO,3.38,-,-,-,17/08/2020,alagoinhas,342,Bahia,BA,Centro Subregional A (3A)
3,POSTO TROPICAL DE COMBUSTIVEIS LTDA,"RUA PAULO AFONSO, 420",Praca Kennedy,ALESAT,3.3960000000000004,2.771,CIF,-,17/08/2020,alagoinhas,342,Bahia,BA,Centro Subregional A (3A)
4,2 A COMERCIO DE COMBUSTIVEIS GNV E LUBRIFICANTES LTDA,"RODOVIA BR 101 KM 116, S/N SALA 01",Centro,LARCO,3.46,3.025,CIF,-,17/08/2020,alagoinhas,342,Bahia,BA,Centro Subregional A (3A)
5,NOVO PLANALTO COMBUSTIVEIS E SERVICOS LTDA,"AVENIDA JURACY MAGALHÃES, S/N GALPÃO",Jardim Petrolar,PETROBRAS DISTRIBUIDORA S.A.,3.5189999999999997,-,-,-,17/08/2020,alagoinhas,342,Bahia,BA,Centro Subregional A (3A)
6,COMERCIAL DE PRODUTOS DE PETROLEO ALAGOINHAS LTDA,"AVENIDA JURACY MAGALHAES, 409 POSTO",Centro,PETROBRAS DISTRIBUIDORA S.A.,3.55,2.791,CIF,-,17/08/2020,alagoinhas,342,Bahia,BA,Centro Subregional A (3A)
7,MEIRELES COMERCIO DE DERIVADOS DE PETROLEO LTDA,"RUA MARECHAL BITENCOURT, 94120",Centro,PETROSERRA,3.5589999999999997,2.764,CIF,-,17/08/2020,alagoinhas,342,Bahia,BA,Centro Subregional A (3A)
8,2P COMERCIO DE DERIVADO DE PETROLEO LTDA - ME,"RUA DANTAS BIAO, SN",Alagoinhas Velha,PETROSERRA,3.59,-,-,-,17/08/2020,alagoinhas,342,Bahia,BA,Centro Subregional A (3A)
0,POSTO MACAUBENSE LTDA,"RUA CORONEL EMILIANO BALBINO, 59",Centro,PETROBRAS DISTRIBUIDORA S.A.,2.79,-,-,-,17/08/2020,barreiras,403,Bahia,BA,Capital Regional C (2C)
1,AUTO POSTO DE COMBUSTIVEIS BARREIRINHAS LTDA,"RUA BOA VISTA, 499",Barreirinhas,RAIZEN,2.799,2.475,CIF,-,17/08/2020,barreiras,403,Bahia,BA,Capital Regional C (2C)
2,MARIANO JUNIOR COMERCIO DE COMBUSTIVEIS LTDA,"RUA CUSTODIO MORENO, S/N",Vila Brasil,BRANCA,2.8989999999999996,2.319,CIF,RAIZEN,17/08/2020,barreiras,403,Bahia,BA,Capital Regional C (2C)
3,SA NACIONAL DE VEICULOS LTDA,"ROD BR 242, S/Nº KM 0",Vila Rica,PETROBRAS DISTRIBUIDORA S.A.,2.8989999999999996,-,-,-,17/08/2020,barreiras,403,Bahia,BA,Capital Regional C (2C)
4,POSTO SERRA GERAL COMERCIO DE COMBUSTIVEIS LTDA,"AVENIDA RUY BARBOSA, 1528",Vila Regina,BRANCA,2.99,2.282,CIF,-,17/08/2020,barreiras,403,Bahia,BA,Capital Regional C (2C)
5,REDE ROYAL DE AUTO POSTOS EIRELI,"AVENIDA CLERISTON ANDRADE, 1629",Jd Bela Vista,BRANCA,2.99,-,-,-,17/08/2020,barreiras,403,Bahia,BA,Capital Regional C (2C)
6,PORTO BRASIL COMBUSTÍVEIS LTDA.,"RODOVIA BR 242/020, S/N KM 548,6",Zona Rural,PETROBRAS DISTRIBUIDORA S.A.,2.9989999999999997,-,-,-,17/08/2020,barreiras,403,Bahia,BA,Capital Regional C (2C)
7,POSTO TURBINAS LTDA,"RUA PAULO AFONSO, 1511",Barreirinhas,BRANCA,2.9989999999999997,2.695,CIF,LARCO,17/08/2020,barreiras,403,Bahia,BA,Capital Regional C (2C)
8,PORTO BRASIL COMBUSTÍVEIS LTDA.,"RODOVIA BR 020/242 KM 604, S/N",Vale da Boa Esperança,PETROBRAS DISTRIBUIDORA S.A.,2.9989999999999997,-,-,-,17/08/2020,barreiras,403,Bahia,BA,Capital Regional C (2C)
9,PB COMÉRCIO DE COMBUSTIVEL PARA VEICULOS AUTOMOTORES LTDA - EPP,"AVENIDA JOSE BRAZ DE AZEVEDO, 400",Vila Rica,ALESAT,3.299,2.917,CIF,-,17/08/2020,barreiras,403,Bahia,BA,Capital Regional C (2C)
0,POSTO CATIBOABA LTDA,"RODOVIA BR 030 KM 08, SN CASA",Vila Catiboaba,PETROBAHIA,3.54,-,-,-,17/08/2020,brumado,443,Bahia,BA,Centro Subregional B (3B)
1,B & B COMERCIAL LTDA.,"RUA EXUPERIO PINHEIRO CANGUSSU, 505",Centro,RAIZEN,3.549,-,-,-,17/08/2020,brumado,443,Bahia,BA,Centro Subregional B (3B)
2,NEVES & CIA LTDA,"AVENIDA CORONEL SANTOS, 247 CASA",Sao Felix,BRANCA,3.5989999999999998,2.598,CIF,PETROSERRA,17/08/2020,brumado,443,Bahia,BA,Centro Subregional B (3B)
3,POSTO DE COMBUSTIVEIS TURMALINA LTDA - ME,"RUA DR. MARIO MEIRA, 40 CASA",Centro,PETROBAHIA,3.635,2.704,CIF,-,17/08/2020,brumado,443,Bahia,BA,Centro Subregional B (3B)
4,POSTO SEABRA LTDA,"RUA ERNESTO CARNEIRO, 09",Centro,PETROBRAS DISTRIBUIDORA S.A.,3.6489999999999996,2.649,CIF,-,17/08/2020,brumado,443,Bahia,BA,Centro Subregional B (3B)
5,POSTO DE COMBUSTIVEIS JAJA LTDA,"AVENIDA CENTENARIO, 1105",Novo Brumado,PETROBRAS DISTRIBUIDORA S.A.,3.6489999999999996,-,-,-,17/08/2020,brumado,443,Bahia,BA,Centro Subregional B (3B)
6,POSTO MEIRA COMERCIO DE COMBUSTIVEIS EIRELI,"AVENIDA CEL. SANTOS, 785 PREDIO",Sao Felix,BRANCA,3.66,-,-,-,17/08/2020,brumado,443,Bahia,BA,Centro Subregional B (3B)
0,AUTO POSTO FAUSTO LTDA,"AVENIDA DACIO OLIVEIRA, SN",Rancho Alegre,BRANCA,2.997,-,-,-,17/08/2020,caetite,461,Bahia,BA,Centro de Zona A (4A)
1,ELCI FARIAS DO COUTO,"AVENIDA DACIO OLIVEIRA, 1101",Rancho Alegre,BRANCA,2.997,2.382,FOB,-,17/08/2020,caetite,461,Bahia,BA,Centro de Zona A (4A)
2,MARIA RODRIGUES SOUZA,"PRACA BUENOS AIRES, S/N",Sede,BRANCA,2.9989999999999997,-,-,-,17/08/2020,caetite,461,Bahia,BA,Centro de Zona A (4A)
3,MARTINS MARQUES COMÉRCIO DE DERIVADOS PETRÓLEO LTDA,"AVENIDA DACIO OLIVEIRA, 817",Centro,RAIZEN,2.9989999999999997,-,-,-,17/08/2020,caetite,461,Bahia,BA,Centro de Zona A (4A)
4,AUTO POSTO SAMAPE EIRELI,"AVENIDA OLIMAR OLIVEIRA RODRIGUES, 365",Ovidio Teixeira,BRANCA,2.9989999999999997,-,-,-,17/08/2020,caetite,461,Bahia,BA,Centro de Zona A (4A)
5,CARDOSO MARQUES COMÉRCIO DE DERIVADOS DE PETRÓLEO LTDA.,"AVENIDA DÁCIO OLIVEIRA, 170",Centro,RAIZEN,2.9989999999999997,-,-,-,17/08/2020,caetite,461,Bahia,BA,Centro de Zona A (4A)
0,POSTO DE COMBUSTÍVEIS GASOTO LTDA.,"RUA LATERAL DE DENTRO, S/N KM 16,3 VIA PARAFUSO LTS 4/8 QD. 40",Lot. Jardim Limoeiro,BRANCA,2.99,2.620,CIF,RAIZEN,17/08/2020,camacari,473,Bahia,BA,Metrópole (1C) - Município integrante do Arranjo Populacional de Salvador/BA
1,MP COMERCIO DE COMBUSTIVEIS LTDA,"RODOVIA BA 099, S/N KM 52",Estrada do Coco,BRANCA,2.99,2.670,CIF,LARCO,17/08/2020,camacari,473,Bahia,BA,Metrópole (1C) - Município integrante do Arranjo Populacional de Salvador/BA
2,POSTO JACUIPE COMERCIO DE COMBUSTIVEIS LTDA,"RODOVIA BA 099, ESTRADA DO COCO, S/N KM 30",Barra do Jacuipe - Monte Gordo,BRANCA,2.99,-,-,-,17/08/2020,camacari,473,Bahia,BA,Metrópole (1C) - Município integrante do Arranjo Populacional de Salvador/BA
3,COMERCIAL DE PETROLEO VERDES MARES LTDA,"RODOVIA BA 099 - ESTRADA DO COCO, S/N KM 49",Monte Gordo,BRANCA,2.99,2.660,CIF,PETROBAHIA,17/08/2020,camacari,473,Bahia,BA,Metrópole (1C) - Município integrante do Arranjo Populacional de Salvador/BA
4,SOBRAL & FILHOS COMERCIO DE COMBUSTIVEIS LTDA,"AVENIDA RIO CAMACARI, S/N",Camacari de Dentro,PETROBRAS DISTRIBUIDORA S.A.,3.09,-,-,-,17/08/2020,camacari,473,Bahia,BA,Metrópole (1C) - Município integrante do Arranjo Populacional de Salvador/BA
5,POSTO KALILANDIA LTDA,"ESTRADA DO COCO, S/N KM 09",Catu de Abrantes,RAIZEN,3.09,-,-,-,17/08/2020,camacari,473,Bahia,BA,Metrópole (1C) - Município integrante do Arranjo Populacional de Salvador/BA
6,SOBRAL & FILHOS COMERCIO DE COMBUSTIVEIS LTDA,"RODOVIA BA 099, KM 29, S/N ESTRADA DO COCO",Barra do Jacuipe - Monte Gordo,PETROBRAS DISTRIBUIDORA S.A.,3.09,-,-,-,17/08/2020,camacari,473,Bahia,BA,Metrópole (1C) - Município integrante do Arranjo Populacional de Salvador/BA
7,CORESFIL COMERCIO REVENDEDOR DE COMBUSTIVEIS LTDA,"AVENIDA RADIAL B, 783",Alto da Cruz,PETROBRAS DISTRIBUIDORA S.A.,3.14,2.750,CIF,-,17/08/2020,camacari,473,Bahia,BA,Metrópole (1C) - Município integrante do Arranjo Populacional de Salvador/BA
8,POSTO AVENIDA COMB. DERIV. PET. SERVICOS LTDA,"AVENIDA VINTE E OITO DE SETEMBRO, 999",Camaçari de Dentro,RAIZEN,3.14,2.679,CIF,-,17/08/2020,camacari,473,Bahia,BA,Metrópole (1C) - Município integrante do Arranjo Populacional de Salvador/BA
9,CORESFIL COMERCIO REVENDEDOR DE COMBUSTIVEIS LTDA,"RUA DA RODOVIARIA, S/N",Centro,PETROBRAS DISTRIBUIDORA S.A.,3.14,2.757,CIF,-,17/08/2020,camacari,473,Bahia,BA,Metrópole (1C) - Município integrante do Arranjo Populacional de Salvador/BA
10,AUTO POSTO BARRACUDA LTDA,"AVENIDA RADIAL B, 971",Alto da Cruz,IPIRANGA,3.14,-,-,-,17/08/2020,camacari,473,Bahia,BA,Metrópole (1C) - Município integrante do Arranjo Populacional de Salvador/BA
11,POSTO GUARDIANI LTDA - ME,"RUA DO BARRO VERMELHO, 3",Vila de Abrantes,PETROBRAS DISTRIBUIDORA S.A.,3.19,-,-,-,17/08/2020,camacari,473,Bahia,BA,Metrópole (1C) - Município integrante do Arranjo Populacional de Salvador/BA
0,AUTO POSTO DESEJO LTDA.,"AVENIDA DAVID JONAS FADINI, 2798",Juca Rosa,BRANCA,3.47,-,-,-,17/08/2020,eunapolis,579,Bahia,BA,Capital Regional C (2C)
1,SILVA COMERCIO DE COMBUSTIVEIS E SERVICOS LTDA - ME,"ESTRADA DA COLONIA, SN LOTE 01 QUADRAF",Antares,BRANCA,3.49,-,-,-,17/08/2020,eunapolis,579,Bahia,BA,Capital Regional C (2C)
2,POSTO NORTE SUL COMERCIO DE COMBUSTIVEIS LTDA - ME.,"AVENIDA NORTE-SUL, 826",Centauro Oeste,BRANCA,3.49,2.648,CIF,PETROBAHIA,17/08/2020,eunapolis,579,Bahia,BA,Capital Regional C (2C)
3,POSTO DO TAXISTA LTDA ME,"AVENIDA ALEXANDRIA, 150",Dinah Borges,BRANCA,3.49,2.690,CIF,SETTA DISTRIBUIDORA,17/08/2020,eunapolis,579,Bahia,BA,Capital Regional C (2C)
4,AUTO POSTO COLORADO LTDA,"AVENIDA BAHIA, 301 SEDE",Vivendas Costa Azul,BRANCA,3.4989999999999997,-,-,-,17/08/2020,eunapolis,579,Bahia,BA,Capital Regional C (2C)
5,EUNAPOLIS COMERCIO DE COMBUSTIVEIS LTDA - EPP,"AVENIDA CONSELHEIRO LUIZ VIANA, 275",Centro,ALESAT,3.53,-,-,-,17/08/2020,eunapolis,579,Bahia,BA,Capital Regional C (2C)
6,POSTO NOSSA SENHORA D AJUDA LTDA,"AVENIDA PORTO SEGURO, 40 TERREO",Centro,RAIZEN,3.5980000000000003,-,-,-,17/08/2020,eunapolis,579,Bahia,BA,Capital Regional C (2C)
7,AUTO POSTO CABRAL LTDA,"AVENIDA DAVID FADINE, 689 BR 101",Itapoan,PETROBRAS DISTRIBUIDORA S.A.,3.5989999999999998,2.765,CIF,-,17/08/2020,eunapolis,579,Bahia,BA,Capital Regional C (2C)
0,ARACI DERIVADOS DE PETROLEO LTDA,"AVENIDA MARIA QUITERIA, 694",Eucalipto,BRANCA,2.83,-,-,-,17/08/2020,feira de santana,582,Bahia,BA,Capital Regional B (2B)
1,BRAX - FEIRA DERIVADOS DE PETRÓLEO E SERVIÇOS LTDA,"RODOVIA BR 324, S/N KM 99 - TERREO",Humildes,PETROBRAS DISTRIBUIDORA S.A.,2.84,-,-,-,17/08/2020,feira de santana,582,Bahia,BA,Capital Regional B (2B)
2,POSTO PORTAL DO SERTÃO LTDA.,"RODOVIA BR-324, S/N",Centro Industrial Subae,RAIZEN,2.85,-,-,-,17/08/2020,feira de santana,582,Bahia,BA,Capital Regional B (2B)
3,MAXDIESEL DERIVADOS DE PETROLEO LTDA,"PRACA DA REPUBLICA, S/N",Centro,BRANCA,2.86,-,-,-,17/08/2020,feira de santana,582,Bahia,BA,Capital Regional B (2B)
4,POSTO DE LUBRIFICANTES PIRAI LTDA,"RUA DOUTOR ANTONIO BORJA, 145",Centro,ALESAT,2.86,-,-,-,17/08/2020,feira de santana,582,Bahia,BA,Capital Regional B (2B)
5,POSTO DE COMBUSTÍVEIS VILA OLIMPICA LTDA.,"AVENIDA RIO DE JANEIRO, 845",Pedra do Descanso,BRANCA,2.86,-,-,-,17/08/2020,feira de santana,582,Bahia,BA,Capital Regional B (2B)
6,A.S. DERIVADOS DE PETROLEO LTDA,"RUA ITAUEIRA, 444 TERREO",Parque Getulio Vargas,RAIZEN,2.86,-,-,-,17/08/2020,feira de santana,582,Bahia,BA,Capital Regional B (2B)
7,BAHIA COMERCIOS DE COMBUSTIVEIS LTDA,"AVENIDA TRANSNORDESTINA, 2060 A",Campo Limpo,BRANCA,2.86,-,-,-,17/08/2020,feira de santana,582,Bahia,BA,Capital Regional B (2B)
8,ARACI DERIVADOS DE PETROLEO LTDA,"AVENIDA EDUARDO FROES DA MOTA, 1500 .",Sim,RAIZEN,2.86,-,-,-,17/08/2020,feira de santana,582,Bahia,BA,Capital Regional B (2B)
9,POSTO KALILANDIA LTDA,"AVENIDA PRESIDENTE DUTRA, 1320",Ponto Central,RAIZEN,2.89,-,-,-,17/08/2020,feira de santana,582,Bahia,BA,Capital Regional B (2B)
10,BRASINHA CENTRO COM. DE COMB. E PECUARIA LTDA,"RUA MONSENHOR MARIO PESSOA, S/N",Centro,RAIZEN,2.89,-,-,-,17/08/2020,feira de santana,582,Bahia,BA,Capital Regional B (2B)
11,POSTOS RENASCER LTDA.,"AVENIDA GETULIO VARGAS, 2838 P. DE COMBUSTIVEIS",Parque Getulio Vargas,BRANCA,2.96,-,-,-,17/08/2020,feira de santana,582,Bahia,BA,Capital Regional B (2B)
12,POSTO KALILANDIA LTDA,"RUA DOUTOR MACARIO CERQUEIRA, S/N LOTE 01 QUADR",Muchila,BRANCA,2.96,-,-,-,17/08/2020,feira de santana,582,Bahia,BA,Capital Regional B (2B)
13,POSTOS RENASCER LTDA.,"RUA DOUTOR MACARIO CERQUEIRA, 780 P. DE COMBUSTIVEIS",Muchila Ii,BRANCA,2.96,-,-,-,17/08/2020,feira de santana,582,Bahia,BA,Capital Regional B (2B)
14,J MARTINS DERIVADOS DE PETROLEO LTDA - EPP,"AVENIDA EDUARDO FROES DA MOTA, 1197 TERREO",Santa Monica,RAIZEN,2.99,-,-,-,17/08/2020,feira de santana,582,Bahia,BA,Capital Regional B (2B)
15,TREVO DERIVADOS DE PETROLEO LTDA,"AVENIDA AV. PRESIDENTE DUTRA, 2325 TERREO",Capuchinhos,PETROBRAS DISTRIBUIDORA S.A.,2.99,-,-,-,17/08/2020,feira de santana,582,Bahia,BA,Capital Regional B (2B)
16,POSTO CAJUEIRO LTDA.,"AVENIDA PRESIDENTE DUTRA, 3300 0",Santa Mônica,PETROBRAS DISTRIBUIDORA S.A.,2.99,-,-,-,17/08/2020,feira de santana,582,Bahia,BA,Capital Regional B (2B)
17,POSTO 2001 DE COMBUSTIVEIS E LUBRIFICANTES LTDA,"AVENIDA PRESIDENTE DUTRA, 128",Centro,BRANCA,2.99,-,-,-,17/08/2020,feira de santana,582,Bahia,BA,Capital Regional B (2B)
18,TORRESCARNEIRO COMERCIO E DERIVADOS DE PETROLEO LTDA,"AVENIDA PRESIDENTE DUTRA, 574",Brasília,BRANCA,2.99,-,-,-,17/08/2020,feira de santana,582,Bahia,BA,Capital Regional B (2B)
19,M G DERIVADOS DE PETROLEO LTDA,"RODOVIA BR 324, S/N KM 98",Centro Industrial do Subae,PETROBRAS DISTRIBUIDORA S.A.,3.159,-,-,-,17/08/2020,feira de santana,582,Bahia,BA,Capital Regional B (2B)
20,J N COMERCIO DE COMBUSTIVEIS LTDA - ME,"AVENIDA RIO DE JANEIRO, 942",Pedra do Descanso,BRANCA,3.19,-,-,-,17/08/2020,feira de santana,582,Bahia,BA,Capital Regional B (2B)
21,COMERCIAL DE COMBUSTIVEIS MARTINS LTDA,"AVENIDA PRESIDENTE DUTRA, 1199",Capuchinhos,PETROBRAS DISTRIBUIDORA S.A.,3.199,-,-,-,17/08/2020,feira de santana,582,Bahia,BA,Capital Regional B (2B)
0,GRUPO A COMERCIO DE COMBUSTIVEIS LTDA,"AVENIDA BARAO DO RIO BRANCO, 1800",Sao Francisco,BRANCA,2.958,-,-,-,17/08/2020,guanambi,606,Bahia,BA,Centro Subregional A (3A)
1,POSTO DE DERIVADOS DE PETROLEO ITA GUANABARA LTDA,"AVENIDA GUANABARA, 10",Centro,BRANCA,2.958,-,-,-,17/08/2020,guanambi,606,Bahia,BA,Centro Subregional A (3A)
2,SOCIEDADE COMERCIAL MERCOLUB LTDA,"AVENIDA BARAO DO RIO BRANCO, 1439",Bairro S. Francisco,BRANCA,2.958,2.381,FOB,-,17/08/2020,guanambi,606,Bahia,BA,Centro Subregional A (3A)
3,AUTO POSTO RIO BRANCO DERIVADOS DE PETROLEO LTDA,"AVENIDA BARAO DO RIO BRANCO, 819",Centro,BRANCA,2.9589999999999996,-,-,-,17/08/2020,guanambi,606,Bahia,BA,Centro Subregional A (3A)
4,POSTO GUANAMBI LTDA.,"AVENIDA PROFESSOR JOSE NEVES TEIXEIRA, 850",Paraíso,BRANCA,2.98,-,-,-,17/08/2020,guanambi,606,Bahia,BA,Centro Subregional A (3A)
5,POSTO GUARUJA LTDA,"RODOVIA BR 030, S/N KM 01",Sede,PETROBRAS DISTRIBUIDORA S.A.,3.19,2.737,FOB,-,17/08/2020,guanambi,606,Bahia,BA,Centro Subregional A (3A)
6,ELCI FARIAS DO COUTO,"AVENIDA JOSE NEVES TEIXEIRA, S/N LOTE SANDOVAL MORAES II",Santo Antonio,BRANCA,3.197,-,-,-,17/08/2020,guanambi,606,Bahia,BA,Centro Subregional A (3A)
7,POSTO MODELO LTDA,"RUA BARAO DO RIO BRANCO, 205",Centro,RAIZEN,3.29,2.862,FOB,-,17/08/2020,guanambi,606,Bahia,BA,Centro Subregional A (3A)
8,AUTO POSTO BAKANA COMÉRCIO DE DERIVADOS DE PETROLEO LTDA,"ALAMEDA GEGE BAKANA, 238",Mutans,BRANCA,3.29,-,-,-,17/08/2020,guanambi,606,Bahia,BA,Centro Subregional A (3A)
0,POSTO D' PASSAGEM COMERCIO DE COMBUSTIVEIS LTDA,"RODOVIA JORGE AMADO, S/N BR415 ILHEUS ITABUNAKM 06",Banco da Vitoria,BRANCA,3.35,2.450,FOB,-,17/08/2020,ilheus,659,Bahia,BA,Capital Regional C (2C)
1,J S FREITAS COMÉRCIO DE DERIVADOS DE PETROLEO LTDA,"RODOVIA ILHÉUS - ITABUNA, S/N MARGEM DA BR 415",Centro,BRANCA,3.35,-,-,-,17/08/2020,ilheus,659,Bahia,BA,Capital Regional C (2C)
2,POSTO PRAIA DO SUL LTDA.,"RODOVIA ILHEUS - OLIVENÇA, SN KM 03",Zona Rural,BRANCA,3.429,2.350,FOB,-,17/08/2020,ilheus,659,Bahia,BA,Capital Regional C (2C)
3,AM DERIVADOS DE PETROLEO E COMERCIO LTDA,"AVENIDA PETROBRAS, 100 TERREO",Centro,IPIRANGA,3.4410000000000003,-,-,-,17/08/2020,ilheus,659,Bahia,BA,Capital Regional C (2C)
4,MEGA POSTO COMERCIAL DE COMBUSTIVEIS LTDA - EPP,"AVENIDA UBAITABA, 1476",Barra de Itaipe,BRANCA,3.45,-,-,-,17/08/2020,ilheus,659,Bahia,BA,Capital Regional C (2C)
5,MALHADO COMERCIO DE COMBUSTIVEIS E DERIVADOS DE PETROLEO LTDA,"AVENIDA VEREADOR AMILTON IGNACIO DE CASTRO, S/N",Barra do Itaipe,BRANCA,3.45,2.550,FOB,-,17/08/2020,ilheus,659,Bahia,BA,Capital Regional C (2C)
6,POSTO DE SERVICOS DOM EDUARDO LTDA.,"AVENIDA ITABUNA, 1814 MODULOS A E B",Basilio,BRANCA,3.45,-,-,-,17/08/2020,ilheus,659,Bahia,BA,Capital Regional C (2C)
7,DERIVADOS DE PETROLEO LELEU LTDA,"AVENIDA ITABUNA, 2282",Centro,IPIRANGA,3.469,-,-,-,17/08/2020,ilheus,659,Bahia,BA,Capital Regional C (2C)
8,COMERCIAL SAVOIA LTDA,"AVENIDA RAYMUNDO SA BARRETO, S/N LOTES 26 27 E 28",Jardim Savoia,BRANCA,3.4789999999999996,2.660,FOB,PETRONAC,17/08/2020,ilheus,659,Bahia,BA,Capital Regional C (2C)
9,IVAN COELHO PORTO & IRMAOS LTDA,"RUA A ROD ILHEUS OLIVENCA, SN KM 0",Sao Francisco,BRANCA,3.49,2.792,FOB,ROYAL FIC,17/08/2020,ilheus,659,Bahia,BA,Capital Regional C (2C)
10,CHECON DANTAS COMERCIO DE COMBUSTIVEIS LTDA,"AVENIDA ITABUNA, 534",Centro,RAIZEN,3.5989999999999998,-,-,-,17/08/2020,ilheus,659,Bahia,BA,Capital Regional C (2C)
11,POSTO ATLANTICO SUL LTDA,"AVENIDA TANCREDO NEVES, 1068",Sao Francisco,BRANCA,3.8789999999999996,-,-,-,17/08/2020,ilheus,659,Bahia,BA,Capital Regional C (2C)
0,POSTO PAGUE MENOS LTDA,"RODOVIA BA 233, SN KM 01 EST. IPIRA/ITABERABA",,BRANCA,2.97,-,-,-,17/08/2020,ipira,669,Bahia,BA,Centro de Zona A (4A)
1,CENTRALPOSTO LTDA,"RODOVIA BA 052, S/N P. DE COMBUSTIVEIS",Povoado Pau Ferro,BRANCA,2.97,-,-,-,17/08/2020,ipira,669,Bahia,BA,Centro de Zona A (4A)
2,MARCOS VINICIUS OLIVEIRA ARAUJO - ME,"RUA WALDOMIRO LINS, 47 POSTO",Centro,BRANCA,3.38,2.680,CIF,PETROX DISTRIBUIDORA,17/08/2020,ipira,669,Bahia,BA,Centro de Zona A (4A)
3,AUTO POSTO SAO JOAO LTDA,"RODOVIA BA 052, S/N KM 85",Centro,PETROBRAS DISTRIBUIDORA S.A.,3.3989999999999996,2.778,CIF,-,17/08/2020,ipira,669,Bahia,BA,Centro de Zona A (4A)
4,A S VIANA COSTA DANTAS,"SITIO SAO JOSE, SN",Sede,ALESAT,3.46,-,-,-,17/08/2020,ipira,669,Bahia,BA,Centro de Zona A (4A)
0,AUTO POSTO COPA 70 LTDA,"BA 052 KM 354, SN",Sede,BRANCA,3.1889999999999996,-,-,-,17/08/2020,irece,678,Bahia,BA,Centro Subregional A (3A)
1,COSTA MENDONCA DERIVADOS DE PETROLEO LTDA,"AVENIDA PRIMEIRO DE JANEIRO, 275 TERREO",Centro,BRANCA,3.199,2.638,CIF,TDC DISTRIBUIDORA,17/08/2020,irece,678,Bahia,BA,Centro Subregional A (3A)
2,IRECE DERIVADOS DE PETROLEO LTDA - EPP,"PRA A DR. MARIO DOURADO SOBRINHO, 87-A TERREO",Centro,PETROBRAS DISTRIBUIDORA S.A.,3.219,-,-,-,17/08/2020,irece,678,Bahia,BA,Centro Subregional A (3A)
3,POSTO QUATRO RODAS LTDA,"AVENIDA PRIMEIRO DE JANEIRO, 61 LOTE 07, QUADRA C",Jardim Liborio,PETROBRAS DISTRIBUIDORA S.A.,3.239,2.754,CIF,-,17/08/2020,irece,678,Bahia,BA,Centro Subregional A (3A)
4,S. A. M. COMERCIO LTDA.,"AVENIDA CARAIBAS, 247",Centro,PETROBRAS DISTRIBUIDORA S.A.,3.29,-,-,-,17/08/2020,irece,678,Bahia,BA,Centro Subregional A (3A)
5,EDGAR ALICRIM DE SOUZA E CIA LTDA,"AVENIDA ANTONIO CARLOS MAGALHAES, 30",Centro,PETROBRAS DISTRIBUIDORA S.A.,3.29,-,-,-,17/08/2020,irece,678,Bahia,BA,Centro Subregional A (3A)
6,COMERCIAL RADAR COMBUSTIVEIS LTDA - ME,"AVENIDA PRIMEIRO DE JANEIRO, 1150",Centro,BRANCA,3.2960000000000003,-,-,-,17/08/2020,irece,678,Bahia,BA,Centro Subregional A (3A)
7,ORGANIZACAO HILDEBRANDOS LTDA,"AVENIDA TERTULIANO CAMBUI, 560 TERREO",Centro,BRANCA,3.299,-,-,-,17/08/2020,irece,678,Bahia,BA,Centro Subregional A (3A)
0,RONI COMERCIO DE COMBUSTIVEIS LTDA,"RODOVIA BR-101, S/N KM: 507;",Taveirolandia,BRANCA,3.36,-,-,-,17/08/2020,itabuna,683,Bahia,BA,Capital Regional B (2B)
1,FERRADAS COMERCIO E DERIVADOS DE PETROLEO LTDA,"RUA SANTO ANTONIO - LOTEAMENTO GONCALVES, S/N LT 26 E 27",Ferradas,PETROBRAS DISTRIBUIDORA S.A.,3.42,-,-,-,17/08/2020,itabuna,683,Bahia,BA,Capital Regional B (2B)
2,COMERCIO DE COMBUSTIVEL NUNES LTDA,"AVENIDA MANOEL CHAVES, 500 LT.JD.CORDIER L. 8/13",Jacana,BRANCA,3.43,-,-,-,17/08/2020,itabuna,683,Bahia,BA,Capital Regional B (2B)
3,CARNEIRO DERIVADOS DE PETROLEO LTDA,"AVENIDA JOSE SOARES PINHEIRO, S/N KM 3",Lomanto Junior,PETROBRAS DISTRIBUIDORA S.A.,3.43,-,-,-,17/08/2020,itabuna,683,Bahia,BA,Capital Regional B (2B)
4,K. R. CARVALHO & CIA LTDA,"AVENIDA JURACY MAGALHAES, 721 TERREO",Centro,BRANCA,3.44,-,-,-,17/08/2020,itabuna,683,Bahia,BA,Capital Regional B (2B)
5,AUTO POSTO UNIVERSAL LTDA,"AVENIDA PRINCESA ISABEL, S/N ESQUINA C/ RUA SERGIPE",São Caetano,RAIZEN,3.44,-,-,-,17/08/2020,itabuna,683,Bahia,BA,Capital Regional B (2B)
6,DERIVADOS DE PETROLEO TEUNA LTDA,"AVENIDA INACIO TOSTA FILHO, 834",Centro,BRANCA,3.44,-,-,-,17/08/2020,itabuna,683,Bahia,BA,Capital Regional B (2B)
7,LEAL NOVAIS COMÉRCIO DE COMBUSTIVEIS LTDA EPP,"AVENIDA PRINCESA ISABEL, 812",São Caetano,BRANCA,3.44,-,-,-,17/08/2020,itabuna,683,Bahia,BA,Capital Regional B (2B)
8,FAMA COMERCIO DE COMBUSTIVEIS EIRELI,"AVENIDA AMELIA AMADO, 987",Centro,BRANCA,3.45,2.687,FOB,SETTA DISTRIBUIDORA,17/08/2020,itabuna,683,Bahia,BA,Capital Regional B (2B)
9,DERIVADOS DE PETROLEO E SERVICOS LTDA,"AVENIDA JOSE SOARES PINHEIRO, 2261 TERREO",Lomanto Junior,BRANCA,3.45,2.675,CIF,-,17/08/2020,itabuna,683,Bahia,BA,Capital Regional B (2B)
10,PEIXOTO PRODUTOS DE PETROLEO LTDA,"AVENIDA JURACY MAGALHAES, 782 TERREO",Fatima,RAIZEN,3.45,-,-,-,17/08/2020,itabuna,683,Bahia,BA,Capital Regional B (2B)
11,HAGGE & HAGGE LTDA,"AVENIDA DO CINQUENTENARIO, 1515 TERREO",Centro Sede,PETROBRAS DISTRIBUIDORA S.A.,3.45,-,-,-,17/08/2020,itabuna,683,Bahia,BA,Capital Regional B (2B)
12,COMERCIAL DE DERIVADOS DE PETROLEO DA HORA LTDA EPP,"AVENIDA INACIO TOSTA FILHO, 508",Centro,BRANCA,3.54,2.685,FOB,LARCO,17/08/2020,itabuna,683,Bahia,BA,Capital Regional B (2B)
0,COMÉRCIO DE COMBUSTÍVEIS PENIEL LTDA.,"AVENIDA PERIMETRAL, 1450",Centro,BRANCA,3.3989999999999996,2.580,FOB,-,17/08/2020,itamaraju,702,Bahia,BA,Centro Subregional B (3B)
1,CODEPEL COMÉRCIO DE DERIVADOS DE PETRÓLEO LTDA,"AVENIDA PERIMETRAL, 348",Centro,BRANCA,3.3989999999999996,-,-,-,17/08/2020,itamaraju,702,Bahia,BA,Centro Subregional B (3B)
2,A.S. CARDOSO E CIA LTDA - EPP,"RUA LIBERDADE, 772",Centro,BRANCA,3.45,-,-,-,17/08/2020,itamaraju,702,Bahia,BA,Centro Subregional B (3B)
3,BENTIVI DERIVADOS DE PETROLEO LTDA,"RODOVIA BR 101, S/N KM 808",Sede,IPIRANGA,3.4789999999999996,-,-,-,17/08/2020,itamaraju,702,Bahia,BA,Centro Subregional B (3B)
0,TROPICAL COMBUSTIVEIS E LUBRIFICANTES LTDA,"RUA FRANCISCO ROCHA PIRES, 300",Centro,BRANCA,3.159,-,-,-,17/08/2020,jacobina,736,Bahia,BA,Centro Subregional B (3B)
1,AUTO POSTO PEDRA BRANCA LTDA,"AVENIDA RAIMUNDO GORDIANO CERDAZ, 2197",Sede,RAIZEN,3.179,-,-,-,17/08/2020,jacobina,736,Bahia,BA,Centro Subregional B (3B)
2,AUTO POSTO JACOBINA LTDA,"AVENIDA ORLANDO OLIVEIRA PIRES, 1430",Centro,RAIZEN,3.179,-,-,-,17/08/2020,jacobina,736,Bahia,BA,Centro Subregional B (3B)
3,BC REVENDA DE COMBUSTIVEIS LTDA - EPP,"AVENIDA LOMANTO JUNIOR, 128",Centro,BRANCA,3.179,-,-,-,17/08/2020,jacobina,736,Bahia,BA,Centro Subregional B (3B)
4,PARENTES REVENDA DE PRODUTOS DE PETROLEO LTDA.,"AVENIDA CENTENARIO, 1600",Nazare,BRANCA,3.179,-,-,-,17/08/2020,jacobina,736,Bahia,BA,Centro Subregional B (3B)
5,SR COMBUSTIVEIS E LUBRIFICANTES EIRELI,"PRA A 02 DE JULHO, 200",Missao,BRANCA,3.199,-,-,-,17/08/2020,jacobina,736,Bahia,BA,Centro Subregional B (3B)
0,REDE HG COMBUSTIVEIS LTDA.,"RODOVIA BR-116, S/N KM: 640;",Entroncamento,PETROBRAS DISTRIBUIDORA S.A.,3.299,-,-,-,17/08/2020,jaguaquara,740,Bahia,BA,Centro de Zona B (4B)
1,CLM COMERCIO DE DERIVADOS DE PETROLEO LTDA,"AVENIDA PRESIDENTE MEDICI, 2150",Entroncamento de Jaguaquara,RAIZEN,3.3489999999999998,2.754,CIF,-,17/08/2020,jaguaquara,740,Bahia,BA,Centro de Zona B (4B)
2,SERRA COMERCIO DE DERIVADOS DE PETROLEO LTDA,"RODOVIA BR 116 KM 648, SN",Rodovia,RAIZEN,3.3989999999999996,-,-,-,17/08/2020,jaguaquara,740,Bahia,BA,Centro de Zona B (4B)
3,EALS POSTO DE COMBUSTIVEL EIRELI,"RUA SIQUEIRA CAMPOS, 09",Centro,ALESAT,3.509,-,-,-,17/08/2020,jaguaquara,740,Bahia,BA,Centro de Zona B (4B)
4,EALS POSTO DE COMBUSTIVEL EIRELI,"RUA CORONEL DURVAL MATOS, 171",Centro,ALESAT,3.549,2.826,CIF,-,17/08/2020,jaguaquara,740,Bahia,BA,Centro de Zona B (4B)
5,AUTO POSTO DE COMBUSTIVEIS J. BOMFIM LTDA,"RUA PROFESSOR PAULO FREIRE, 80",Loteamento Jaguar,RAIZEN,3.549,2.860,CIF,-,17/08/2020,jaguaquara,740,Bahia,BA,Centro de Zona B (4B)
6,AUTO POSTO DE COMBUSTIVEIS INACIO LTDA - ME,"RUA RODOLFO SANTOS, 369",Ceara,HORA,3.5989999999999998,2.830,CIF,-,17/08/2020,jaguaquara,740,Bahia,BA,Centro de Zona B (4B)
0,O UMBUZEIRO COMERCIAL DE DERIVADOS DE PETROLEO LTDA,"RODOVIA BR 116 KM 698, S/N JEQUIE/VIT.DA CONQ.",Zona Rural,PETROBRAS DISTRIBUIDORA S.A.,3.319,-,-,-,17/08/2020,jequie,749,Bahia,BA,Centro Subregional A (3A)
1,COMERCIAL DE DERIVADOS DE PETROLEO UNIPETRO LTDA,"AVENIDA LANDULFO CARIBE, LOTES 08 E 09, S/N LOT.CICERO BRITO",Centro,BRANCA,3.56,-,-,-,17/08/2020,jequie,749,Bahia,BA,Centro Subregional A (3A)
2,STOCK COMÉRCIO DE DERIVADOS DE PETRÓLEO LTDA.,"RUA BRIGADEIRO SÁ BITENCOURT, 05",Jequiezinho,PETROBRAS DISTRIBUIDORA S.A.,3.569,-,-,-,17/08/2020,jequie,749,Bahia,BA,Centro Subregional A (3A)
3,CAROL COMERCIO DE COMBUSTIVEIS E DERIVADOS DE PETROLEO LTDA,"AVENIDA GOVERNADOR LOMANTO JUNIOR - LOTEAMENTO SANTA LUZ, S/N QUA",Joaquim Romao,BRANCA,3.569,2.720,CIF,MAXXI,17/08/2020,jequie,749,Bahia,BA,Centro Subregional A (3A)
4,AUTO POSTO ALMEIDA BRITO LTDA.,"RUA ULISSES COELHO LIMA, S/N",Km 03,PETROSERRA,3.57,2.790,CIF,-,17/08/2020,jequie,749,Bahia,BA,Centro Subregional A (3A)
5,PITU COMERCIO DE DERIVADOS DE PETROLEO LTDA,"AVENIDA GOVERNADOR LOMANTO JUNIOR, 220",Centro,BRANCA,3.57,2.350,CIF,-,17/08/2020,jequie,749,Bahia,BA,Centro Subregional A (3A)
6,OLIVALDO RIBEIRO DE NOVAES & CIA LTDA,"PRACA LUIS VIANA, 17",Centro,BRANCA,3.58,-,-,-,17/08/2020,jequie,749,Bahia,BA,Centro Subregional A (3A)
7,COMERCIO DE DERIVADO DE PETROLEO LUNARA LTDA,"AVENIDA FRANZ GEDEON, 762",Jequiezinho,BRANCA,3.58,-,-,-,17/08/2020,jequie,749,Bahia,BA,Centro Subregional A (3A)
8,COMERCIO DE DERIVADOS DE PETRÓLEO BARRETO LTDA.,"AVENIDA FRANZ GEDEON, 250 0",Centro,IPIRANGA,3.6,-,-,-,17/08/2020,jequie,749,Bahia,BA,Centro Subregional A (3A)
0,TRANSVALE DERIVADOS DE PETROLEO LTDA,"RODOVIA LOMANTO JUNIOR, SN TERREOBR 407 KM 09",Joao Paulo Ii,IPIRANGA,3.299,-,-,-,17/08/2020,juazeiro,759,Bahia,BA,Capital Regional C (2C) - Município integrante do Arranjo Populacional de Petrolina/PE - Juazeiro/BA
1,AUTO POSTO REIS ARAUJO LTDA,"RUA EDGARD CHASTINET, S/N",Sao Geraldo,DISLUB,3.59,-,-,-,17/08/2020,juazeiro,759,Bahia,BA,Capital Regional C (2C) - Município integrante do Arranjo Populacional de Petrolina/PE - Juazeiro/BA
2,POSTO RODOVIA LTDA,"RODOVIA BA 210,, S/N KM 01",Vila Tiradentes,RAIZEN,3.59,-,-,-,17/08/2020,juazeiro,759,Bahia,BA,Capital Regional C (2C) - Município integrante do Arranjo Populacional de Petrolina/PE - Juazeiro/BA
3,LOURIVAL AUTO POSTO LTDA.,"AVENIDA JOAO DURVAL CARNEIRO, S/N LOT. MODELO",João Xxiii,ALESAT,3.5989999999999998,-,-,-,17/08/2020,juazeiro,759,Bahia,BA,Capital Regional C (2C) - Município integrante do Arranjo Populacional de Petrolina/PE - Juazeiro/BA
4,POSTO VITÓRIA COM. REPRES. DE DERIV. DE PETRÓLEO LTDA.,"RUA VISCONDE DE CAIRU, 18-B",Jardim Vitória,PETROBRAS DISTRIBUIDORA S.A.,3.5989999999999998,-,-,-,17/08/2020,juazeiro,759,Bahia,BA,Capital Regional C (2C) - Município integrante do Arranjo Populacional de Petrolina/PE - Juazeiro/BA
5,JOSE CICERO POSTOS - EIRELI,"RUA CAMAMU, SN LOT JARDIM VERA CRUZ QD K LOTE 16 A 18",Malhada da Areia,PETROBRAS DISTRIBUIDORA S.A.,3.69,-,-,-,17/08/2020,juazeiro,759,Bahia,BA,Capital Regional C (2C) - Município integrante do Arranjo Populacional de Petrolina/PE - Juazeiro/BA
6,JOSE CICERO POSTOS - EIRELI,"RODOVIA BA 210, 70 LOT. CANUDOS COMPL. QD 23 LT 12 A 19",Tancredo Neves,PETROBRAS DISTRIBUIDORA S.A.,3.69,-,-,-,17/08/2020,juazeiro,759,Bahia,BA,Capital Regional C (2C) - Município integrante do Arranjo Populacional de Petrolina/PE - Juazeiro/BA
7,DONA ROSA COMBUSTIVEIS LTDA,"RUA ERNESTO DIAS, 9 LOT.JARDIM CAMPESTRE QD A LT 1 E 2",Tabuleiro,PETROBRAS DISTRIBUIDORA S.A.,3.69,-,-,-,17/08/2020,juazeiro,759,Bahia,BA,Capital Regional C (2C) - Município integrante do Arranjo Populacional de Petrolina/PE - Juazeiro/BA
8,VALE DERIVADOS DE PETRÓLEO LTDA,"RODOVIA LOMANTO JUNIOR KM 06, S/N BR 407",João Paulo Ii,IPIRANGA,3.779,-,-,-,17/08/2020,juazeiro,759,Bahia,BA,Capital Regional C (2C) - Município integrante do Arranjo Populacional de Petrolina/PE - Juazeiro/BA
9,ARAUJO COMERCIO DE COMBUSTÍVEIS E LUBRIFICANTES LTDA.,"RUA A - CAMINHO VINTE E CINCO, S/N LOTE 01",Tancredo Neves,PETROBRAS DISTRIBUIDORA S.A.,3.8,-,-,-,17/08/2020,juazeiro,759,Bahia,BA,Capital Regional C (2C) - Município integrante do Arranjo Populacional de Petrolina/PE - Juazeiro/BA
0,",POSTO DE GASOLINA MUNIZ LTDA","ESTRADA DE AREMBEPE, 33 KM 3",Sede,BRANCA,2.89,2.665,CIF,PETROBRAS DISTRIBUIDORA S.A.,17/08/2020,lauro de freitas,789,Bahia,BA,Metrópole (1C) - Município integrante do Arranjo Populacional de Salvador/BA
1,RODRIGUES TORRES COMERCIO E DERIVADOS DE PETROLEO LTDA,"RODOVIA BA 099, S/N KM 06 - LOT MIRAGEM",Portão,BRANCA,2.96,2.862,CIF,LARCO,17/08/2020,lauro de freitas,789,Bahia,BA,Metrópole (1C) - Município integrante do Arranjo Populacional de Salvador/BA
2,POSTO DE COMBUSTÍVEIS CAMBUI LTDA.,"AVENIDA FORTALEZA, S/Nº LOTES DE 01 A 03",Itinga,BRANCA,2.96,2.720,CIF,RAIZEN,17/08/2020,lauro de freitas,789,Bahia,BA,Metrópole (1C) - Município integrante do Arranjo Populacional de Salvador/BA
3,VILAS COMERCIO DE COMBUSTIVEIS LTDA,"AVENIDA LUIZ TARQUINIO, S/N LT. 09 E 10 - QD. 19",Vilas do Atlântico,BRANCA,2.96,-,-,-,17/08/2020,lauro de freitas,789,Bahia,BA,Metrópole (1C) - Município integrante do Arranjo Populacional de Salvador/BA
4,POSTO DE COMBUSTIVEIS JAGUARIBE LTDA,"RODOVIA BA 99, S/N KM 2,5",Estrada do Coco,BRANCA,2.96,2.665,CIF,PETROBRAS DISTRIBUIDORA S.A.,17/08/2020,lauro de freitas,789,Bahia,BA,Metrópole (1C) - Município integrante do Arranjo Populacional de Salvador/BA
5,POSTO VILAS DO ATLANTICO LTDA,"RUA ANA C B DIAS, 109 LOTE V000 QUADRA 16 A",Buraquinho,BRANCA,2.96,2.665,CIF,PETROBAHIA,17/08/2020,lauro de freitas,789,Bahia,BA,Metrópole (1C) - Município integrante do Arranjo Populacional de Salvador/BA
6,KOLUNA COMERCIO DE COMBUSTIVEIS E DERIVADOS DO PETROLEO LTDA - ME,"RUA A, SN QUADRA 02 LT 1 E 2",Loteamento Varandas Tropicais,PETROBRAS DISTRIBUIDORA S.A.,2.98,2.692,CIF,-,17/08/2020,lauro de freitas,789,Bahia,BA,Metrópole (1C) - Município integrante do Arranjo Populacional de Salvador/BA
7,POSTO KALILANDIA LTDA,"AVENIDA SANTOS DUMONT, 4958 LOTEAMENTO JARDIM AEROPORTO",Pitangueiras,RAIZEN,2.99,-,-,-,17/08/2020,lauro de freitas,789,Bahia,BA,Metrópole (1C) - Município integrante do Arranjo Populacional de Salvador/BA
8,AUTO POSTO GAROUPA LTDA,"LOTEAMENTO 8 ETAPA , PROJETO URBANÍSTICO, S/N LOTE 03 QD 12",Vilas do Atlântico,RAIZEN,2.99,-,-,-,17/08/2020,lauro de freitas,789,Bahia,BA,Metrópole (1C) - Município integrante do Arranjo Populacional de Salvador/BA
9,POSTO DE COMBUSTÍVEIS ITINGA LTDA.,"RUA SÃO CRISTOVÃO, 1369 LOTEAMENTO JARDIM METRÓPOLE",Itinga,BRANCA,2.99,2.736,CIF,LARCO,17/08/2020,lauro de freitas,789,Bahia,BA,Metrópole (1C) - Município integrante do Arranjo Populacional de Salvador/BA
10,JOCKEY AUTO POSTO LTDA,"AVENIDA LUIZ TARQUINIO PONTES, 157",Centro,PETROBRAS DISTRIBUIDORA S.A.,3.39,-,-,-,17/08/2020,lauro de freitas,789,Bahia,BA,Metrópole (1C) - Município integrante do Arranjo Populacional de Salvador/BA
0,AUTO POSTO PIRES PEREIRA LTDA,"AVENIDA LINDEMBERG CARDOSO, 667 COMODO",Taquari,BRANCA,3.298,-,-,-,17/08/2020,livramento de nossa senhora,793,Bahia,BA,Centro de Zona B (4B)
1,POSTO GRUTA DA LAPA LTDA,"RUA LEONIDAS CARDOSO, 294",Centro,PETROBRAS DISTRIBUIDORA S.A.,3.299,-,-,-,17/08/2020,livramento de nossa senhora,793,Bahia,BA,Centro de Zona B (4B)
2,MACHADO & FILHOS LTDA,"AVENIDA LINDENBERG CARDOSO, 171 CASA",Taquari,BRANCA,3.299,-,-,-,17/08/2020,livramento de nossa senhora,793,Bahia,BA,Centro de Zona B (4B)
3,JUSCELIO JOSE PIRES,"RUA ADOLFO PESSOA, 88",Iguatemi,BRANCA,3.4,-,-,-,17/08/2020,livramento de nossa senhora,793,Bahia,BA,Centro de Zona B (4B)
0,ARAUJO ROCHA COMBUSTIVEL LTDA,"AVENIDA BA 210, 3597 LOTE 01/02/03 QUADRA204",Tancredo Neves Ii,RAIZEN,3.45,-,-,-,17/08/2020,paulo afonso,909,Bahia,BA,Centro Subregional A (3A)
1,JOSE CARLOS DOS SANTOS DE PAULO AFONSO,"AVENIDA LANDULFO ALVES, S/N SALA",Vila de Fatima,PETROBRAS DISTRIBUIDORA S.A.,3.4589999999999996,-,-,-,17/08/2020,paulo afonso,909,Bahia,BA,Centro Subregional A (3A)
2,RICALL COMBUSTIVEIS LTDA,"RODOVIA BA 210, 1185",Tancredo Neves Ii,PETROBRAS DISTRIBUIDORA S.A.,3.466,-,-,-,17/08/2020,paulo afonso,909,Bahia,BA,Centro Subregional A (3A)
3,A. MACHADO DOS SANTOS DERIVADOS DE PETROLEO,"RUA PADRE CICERO, 874 A",Btn3,ALESAT,3.469,-,-,-,17/08/2020,paulo afonso,909,Bahia,BA,Centro Subregional A (3A)
4,PETRONIO COMBUSTIVEIS LTDA - EPP.,"AV GUARARAPES, 95",Alves de Souza,IPIRANGA,3.469,-,-,-,17/08/2020,paulo afonso,909,Bahia,BA,Centro Subregional A (3A)
5,J B ALVES DE PAULO AFONSO,"AVENIDA MAÇONARIA, 260",Centro,PETROBRAS DISTRIBUIDORA S.A.,3.4789999999999996,-,-,-,17/08/2020,paulo afonso,909,Bahia,BA,Centro Subregional A (3A)
0,QUEIROZ SANTOS COMÉRCIO DE COMBUSTIVEL LTDA,"RUA GERMANO BATISTA DE SOUZA, 320",Pituba,BRANCA,3.1489999999999996,-,-,-,17/08/2020,pocoes,937,Bahia,BA,Centro Local (5)
1,EZENILDA CÉLIA NOVAIS LABANCA,"PRACA CORONEL RAIMUNDO PEREIRA DE MAGALHÃES, 211",Centro,PETROBRAS DISTRIBUIDORA S.A.,3.25,2.764,CIF,-,17/08/2020,pocoes,937,Bahia,BA,Centro Local (5)
2,R. R COM. VAREJ. E TRANSP. DE DERIV. DE PETRÓLEO LTDA,"RUA TIMOTEO GONÇALVES DA COSTA, 79",Centro,IPIRANGA,3.299,2.747,CIF,-,17/08/2020,pocoes,937,Bahia,BA,Centro Local (5)
3,POSTO E HOTEL PITUBA LTDA,"RODOVIA BR 116, S/N KM 766,620",Sede,IPIRANGA,3.299,2.790,CIF,-,17/08/2020,pocoes,937,Bahia,BA,Centro Local (5)
4,AUTO POSTO REFORCO LTDA,"RODOVIA BR 116, S/N KM 768",Pituba,PETROBRAS DISTRIBUIDORA S.A.,3.34,-,-,-,17/08/2020,pocoes,937,Bahia,BA,Centro Local (5)
5,POSTO NOSSA SENHORA APARECIDA LTDA.,"LOTEAMENTO LUIS EDUARDO MAGALHÃES, S/N.º LOTES 241 A 244",Lot. Luis Eduardo Magalhães,BRANCA,3.3989999999999996,2.760,CIF,PETROSERRA,17/08/2020,pocoes,937,Bahia,BA,Centro Local (5)
0,AUTO POSTO NAVEGANTES LTDA,"AVENIDA AVENIDA DOS NAVEGANTES, 311",Centro,BRANCA,3.35,-,-,-,17/08/2020,porto seguro,944,Bahia,BA,Centro Subregional A (3A)
1,AUTO POSTO NAVEGANTES LTDA,"AVENIDA AYRTON SENA, 23",Cambolo,BRANCA,3.35,-,-,-,17/08/2020,porto seguro,944,Bahia,BA,Centro Subregional A (3A)
2,RENATO KOTAIT JÚNIOR - ME.,"RODOVIA 001, 1860 KM 44",Trancoso,PETROBRAS DISTRIBUIDORA S.A.,3.65,-,-,-,17/08/2020,porto seguro,944,Bahia,BA,Centro Subregional A (3A)
3,LESTE DERIVADOS DE PETROLEO LTDA,"AVENIDA ADNO MUSSER, 1960 LOT PARQUE RESIDENCIAL TABAPIRI",Tabapiri,PETROBRAS DISTRIBUIDORA S.A.,3.699,2.882,FOB,-,17/08/2020,porto seguro,944,Bahia,BA,Centro Subregional A (3A)
4,J G COUTO COMÉRCIO DE COMBUSTÍVEIS LTDA.,"AVENIDA BEIRA MAR, S/Nº",Mundaí,PETROBRAS DISTRIBUIDORA S.A.,3.7289999999999996,-,-,-,17/08/2020,porto seguro,944,Bahia,BA,Centro Subregional A (3A)
5,SULBAHIA COMBUSTIVEIS LTDA,"AVENIDA ADNO MUSSER, 3200",Mirante Caravelas,PETROBRAS DISTRIBUIDORA S.A.,3.79,-,-,-,17/08/2020,porto seguro,944,Bahia,BA,Centro Subregional A (3A)
0,MICRO POSTO RIO VERMELHO LTDA,"PRACA COLOMBO, SN",Rio Vermelho,BRANCA,2.86,-,-,-,17/08/2020,salvador,988,Bahia,BA,Metrópole (1C) - Município integrante do Arranjo Populacional de Salvador/BA
1,G A MENDES COMERCIO DE COMBUSTIVEIS LTDA,"AVENIDA CARDEAL DA SILVA, 908",Federacao,BRANCA,2.86,-,-,-,17/08/2020,salvador,988,Bahia,BA,Metrópole (1C) - Município integrante do Arranjo Populacional de Salvador/BA
2,POSTO DE GASOLINA SEVE LTDA.,"AVENIDA DORIVAL CAYMMI, 480 0",Itapoan,BRANCA,2.86,-,-,-,17/08/2020,salvador,988,Bahia,BA,Metrópole (1C) - Município integrante do Arranjo Populacional de Salvador/BA
3,POSTO SISSI LTDA,"RUA TEIXEIRA MENDES, 02 0",Alto das Pombas,BRANCA,2.86,-,-,-,17/08/2020,salvador,988,Bahia,BA,Metrópole (1C) - Município integrante do Arranjo Populacional de Salvador/BA
4,MIRAMAR COMERCIO DE COMBUSTIVEIS LTDA,"RUA ABELARDO ANDRADE DE CARVALHO, 351 ANTIGO N 07",Boca do Rio,BRANCA,2.86,-,-,-,17/08/2020,salvador,988,Bahia,BA,Metrópole (1C) - Município integrante do Arranjo Populacional de Salvador/BA
5,POSTO DE COMBUSTIVEIS JAGUARIBE LTDA,"AVENIDA OTAVIO MANGABEIRA, 8880",Jaguaribe,BRANCA,2.86,-,-,-,17/08/2020,salvador,988,Bahia,BA,Metrópole (1C) - Município integrante do Arranjo Populacional de Salvador/BA
6,AEROCLUBE COMERCIO DE DERIVADOS DE PETROLEO LTDA,"AVENIDA OCTAVIO MANGABEIRA, 6094",Boca do Rio,PETROBRAS DISTRIBUIDORA S.A.,2.8689999999999998,-,-,-,17/08/2020,salvador,988,Bahia,BA,Metrópole (1C) - Município integrante do Arranjo Populacional de Salvador/BA
7,ENERGIA E PETROLEO EIRELI,"AVENIDA GENERAL GRACA LESSA, 1226",Acupe de Brotas,BRANCA,2.89,-,-,-,17/08/2020,salvador,988,Bahia,BA,Metrópole (1C) - Município integrante do Arranjo Populacional de Salvador/BA
8,MP COMERCIO DE COMBUSTIVEIS LTDA,"RUA DJALMA DUTRA, 119",Nazaré,BRANCA,2.89,-,-,-,17/08/2020,salvador,988,Bahia,BA,Metrópole (1C) - Município integrante do Arranjo Populacional de Salvador/BA
9,MP COMERCIO DE COMBUSTIVEIS LTDA,"AVENIDA MARIO LEAL FERREIRA, 252",Brotas,BRANCA,2.89,-,-,-,17/08/2020,salvador,988,Bahia,BA,Metrópole (1C) - Município integrante do Arranjo Populacional de Salvador/BA
10,POSTO DO CRISTO DE COMBUSTIVEIS LTDA,"AVENIDA OCEÂNICA, 1460",Ondina,BRANCA,2.89,-,-,-,17/08/2020,salvador,988,Bahia,BA,Metrópole (1C) - Município integrante do Arranjo Populacional de Salvador/BA
11,ALELUIA COMERCIO DE COMBUSTIVEIS LTDA,"AVENIDA ALIOMAR BALEEIRO, 14404",Sao Cristovao,BRANCA,2.89,-,-,-,17/08/2020,salvador,988,Bahia,BA,Metrópole (1C) - Município integrante do Arranjo Populacional de Salvador/BA
12,ALEGRIA COMERCIO DE COMBUSTIVEIS LTDA,"AVENIDA VALE DOS BARRIS, 88",Barris,BRANCA,2.89,-,-,-,17/08/2020,salvador,988,Bahia,BA,Metrópole (1C) - Município integrante do Arranjo Populacional de Salvador/BA
13,POSTO DE ABASTECIMENTO E SERVICOS NOTA 10 LTDA,"AVENIDA ANTONIO CARLOS MAGALHAES, 4541",Parque Bela Vista,BRANCA,2.89,-,-,-,17/08/2020,salvador,988,Bahia,BA,Metrópole (1C) - Município integrante do Arranjo Populacional de Salvador/BA
14,RODRIGUES TORRES COMERCIO E DERIVADOS DE PETROLEO LTDA,"AVENIDA GARIBALDI, 1291",Ondina,BRANCA,2.89,-,-,-,17/08/2020,salvador,988,Bahia,BA,Metrópole (1C) - Município integrante do Arranjo Populacional de Salvador/BA
15,PORTAL DE ITAPUA COMERCIO E SERVICOS LTDA,"AVENIDA DORIVAL CAYMI, 1001",Itapoan,PETROBRAS DISTRIBUIDORA S.A.,2.89,-,-,-,17/08/2020,salvador,988,Bahia,BA,Metrópole (1C) - Município integrante do Arranjo Populacional de Salvador/BA
16,GAS ON LINE - COMÉRCIO E SERVIÇOS LTDA.,"AVENIDA AMARALINA, 441",Amaralina,RAIZEN,2.89,-,-,-,17/08/2020,salvador,988,Bahia,BA,Metrópole (1C) - Município integrante do Arranjo Populacional de Salvador/BA
17,POSTO KALILANDIA LTDA,"RUA OSWALDO CRUZ, 819",Rio Vermelho,RAIZEN,2.89,-,-,-,17/08/2020,salvador,988,Bahia,BA,Metrópole (1C) - Município integrante do Arranjo Populacional de Salvador/BA
18,SOCOMBUSTIVEIS COMERCIO DE DERIVADOS DE PETROLEO LTDA,"RUA DOUTOR JORGE ANDRADE, 264 QUADRA 11",Aguas Claras,BRANCA,2.89,-,-,-,17/08/2020,salvador,988,Bahia,BA,Metrópole (1C) - Município integrante do Arranjo Populacional de Salvador/BA
19,POSTO DE COMBUSTIVEIS PITANGUEIRAS LTDA,"RUA DAS PITANGUEIRAS, 74",Matatu,BRANCA,2.89,-,-,-,17/08/2020,salvador,988,Bahia,BA,Metrópole (1C) - Município integrante do Arranjo Populacional de Salvador/BA
20,HP COMERCIO E DERIVADOS DE PETROLEO LTDA,"AVENIDA LUIZ VIANA FILHO, 10.841 LOT. PARQUE IMBIRIBEI",Sao Cristovao,BRANCA,2.89,-,-,-,17/08/2020,salvador,988,Bahia,BA,Metrópole (1C) - Município integrante do Arranjo Populacional de Salvador/BA
21,DEUSNEI - COMERCIO DE COMBUSTIVEIS E LUBRIFICANTES LTDA,"AVENIDA DORIVAL CAYMMI, 17336",Sao Cristovao,PETROBRAS DISTRIBUIDORA S.A.,2.89,-,-,-,17/08/2020,salvador,988,Bahia,BA,Metrópole (1C) - Município integrante do Arranjo Populacional de Salvador/BA
22,TORRES BARBOSA COMERCIO DE DERIVADOS DE PETROLEO LTDA,"AVENIDA MARIO LEAL FERREIRA, S/N",Bonoco,BRANCA,2.89,-,-,-,17/08/2020,salvador,988,Bahia,BA,Metrópole (1C) - Município integrante do Arranjo Populacional de Salvador/BA
23,M DE AGUIAR COM. DE COMBUSTIVEIS E DER. DE PETROLEO LTD,"RODOVIA BR 324, S/N KM 9 235",Pirajá,BRANCA,2.89,-,-,-,17/08/2020,salvador,988,Bahia,BA,Metrópole (1C) - Município integrante do Arranjo Populacional de Salvador/BA
24,POSTO SEREIA COMERCIO DE COMBUSTIVEIS E LUBRIFICANTES LTDA,"AVENIDA OTAVIO MANGABEIRA, 14926",Itapoan,LARCO,2.89,-,-,-,17/08/2020,salvador,988,Bahia,BA,Metrópole (1C) - Município integrante do Arranjo Populacional de Salvador/BA
25,J A SOBRAL & CIA LTDA,"RUA DJALMA DUTRA, 141",Nazare,BRANCA,2.89,-,-,-,17/08/2020,salvador,988,Bahia,BA,Metrópole (1C) - Município integrante do Arranjo Populacional de Salvador/BA
26,PORTAL DE ITAPUA COMERCIO E SERVICOS LTDA,"AVENIDA DORIVAL CAYMMI, 3010",Itapua,RAIZEN,2.89,-,-,-,17/08/2020,salvador,988,Bahia,BA,Metrópole (1C) - Município integrante do Arranjo Populacional de Salvador/BA
27,POSTO BIKE LTDA,"ALAMEDA DILSON JATAHY FONSECA, 694 LOTE 32 QUAD",Stella Maris,BRANCA,2.89,-,-,-,17/08/2020,salvador,988,Bahia,BA,Metrópole (1C) - Município integrante do Arranjo Populacional de Salvador/BA
28,M-55 COMERCIO DE COMBUSTIVEIS LTDA,"ESTRADA CIA AEROPORTO, S/N KM-14",Sao Cristovao,BRANCA,2.89,-,-,-,17/08/2020,salvador,988,Bahia,BA,Metrópole (1C) - Município integrante do Arranjo Populacional de Salvador/BA
29,RODRIGUES TORRES COMERCIO E DERIVADOS DE PETROLEO LTDA,"RUA MIGUEL BURNIER, 1",Barra,BRANCA,2.89,-,-,-,17/08/2020,salvador,988,Bahia,BA,Metrópole (1C) - Município integrante do Arranjo Populacional de Salvador/BA
30,RODRIGUES TORRES COMERCIO E DERIVADOS DE PETROLEO LTDA,"AVENIDA VASCO DA GAMA, 484",Brotas,BRANCA,2.89,-,-,-,17/08/2020,salvador,988,Bahia,BA,Metrópole (1C) - Município integrante do Arranjo Populacional de Salvador/BA
31,POSTO DE COMBUSTIVEIS JAGUARIBE LTDA,"AVENIDA OTAVIO MANGABEIRA, S/N 0",Rotula do Aeroporto,BRANCA,2.89,-,-,-,17/08/2020,salvador,988,Bahia,BA,Metrópole (1C) - Município integrante do Arranjo Populacional de Salvador/BA
32,POSTO MARATONA LTDA.,"ROD BA, 526 KM 7,5",Sao Cristovao,BRANCA,2.89,-,-,-,17/08/2020,salvador,988,Bahia,BA,Metrópole (1C) - Município integrante do Arranjo Populacional de Salvador/BA
33,GAIVOTA COMERCIO DE COMBUSTIVEIS LUBRIFICANTES E SERVICOS LTDA.,"AVENIDA VASCO DA GAMA, 3260 VASCO DA GAMA",Engenho Velho da Federacao,BRANCA,2.89,-,-,-,17/08/2020,salvador,988,Bahia,BA,Metrópole (1C) - Município integrante do Arranjo Populacional de Salvador/BA
34,POSTO DE COMBUSTIVEIS SETE PORTAS LTDA.,"RUA DJALMA DUTRA, 159",Sete Portas,BRANCA,2.89,-,-,-,17/08/2020,salvador,988,Bahia,BA,Metrópole (1C) - Município integrante do Arranjo Populacional de Salvador/BA
35,POSTO GARIBALDI REVENDEDORA DE COMBUSTIVEIS E LUBRIFICANTES LTDA,"AVENIDA ANITA GARIBALDI, 1746",Ondna,BRANCA,2.9,-,-,-,17/08/2020,salvador,988,Bahia,BA,Metrópole (1C) - Município integrante do Arranjo Populacional de Salvador/BA
36,POSTO CASAGRANDE LTDA,"RUA FREDERICO COSTA, 07 BOA VISTA DE BROTAS",Brotas,RAIZEN,2.92,-,-,-,17/08/2020,salvador,988,Bahia,BA,Metrópole (1C) - Município integrante do Arranjo Populacional de Salvador/BA
37,POSTO DE GASOLINA FELICCI LTDA,"AVENIDA MARECHAL CASTELO BRANCO, S/N 0",Nazaré,PETROBRAS DISTRIBUIDORA S.A.,2.92,-,-,-,17/08/2020,salvador,988,Bahia,BA,Metrópole (1C) - Município integrante do Arranjo Populacional de Salvador/BA
38,J A SOBRAL & CIA LTDA,"AVENIDA MARIO LEAL FERREIRA, 509",Bonoco,PETROBRAS DISTRIBUIDORA S.A.,2.92,-,-,-,17/08/2020,salvador,988,Bahia,BA,Metrópole (1C) - Município integrante do Arranjo Populacional de Salvador/BA
39,POSTO Z + Z STELLA MARIS LTDA,"ALAMEDA DILSON JATAHY FONSECA, 1248",Stella Maris,RAIZEN,2.92,-,-,-,17/08/2020,salvador,988,Bahia,BA,Metrópole (1C) - Município integrante do Arranjo Populacional de Salvador/BA
40,POSTO ALBALONGA LTDA.,"AVENIDA VASCO DA GAMA, 3883",Vasco da Gama,RAIZEN,2.92,-,-,-,17/08/2020,salvador,988,Bahia,BA,Metrópole (1C) - Município integrante do Arranjo Populacional de Salvador/BA
41,POSTO UP3 COMERCIO DE COMBUSTIVEIS E LUBRIFICANTES LTDA,"AVENIDA VASCO DA GAMA, 1894",Federacao,RAIZEN,2.929,-,-,-,17/08/2020,salvador,988,Bahia,BA,Metrópole (1C) - Município integrante do Arranjo Populacional de Salvador/BA
42,M-54 COMERCIO DE COMBUSTIVEIS LTDA,"AVENIDA GENARO DE CARVALHO, S/N",Castelo Branco,BRANCA,2.96,-,-,-,17/08/2020,salvador,988,Bahia,BA,Metrópole (1C) - Município integrante do Arranjo Populacional de Salvador/BA
43,PNH COMERCIO DE COMBUSTIVEIS LTDA.,"AVENIDA LUIS VIANA, 4804",Paralela,BRANCA,2.96,-,-,-,17/08/2020,salvador,988,Bahia,BA,Metrópole (1C) - Município integrante do Arranjo Populacional de Salvador/BA
44,HP COMERCIO E DERIVADOS DE PETROLEO LTDA,"AVENIDA LUIZ VIANA FILHO - LOT. PARQUE IMBIRIBEIRA, S/N QD. 01 LO",Itapoan,BRANCA,2.96,-,-,-,17/08/2020,salvador,988,Bahia,BA,Metrópole (1C) - Município integrante do Arranjo Populacional de Salvador/BA
45,EUROPOSTO COMERCIO DE COMBUSTIVEIS E DERIVADOS DE PETROLEO LTDA,"AVENIDA REITOR MIGUEL CALMOM, 455",Canela,PETROBRAS DISTRIBUIDORA S.A.,2.99,-,-,-,17/08/2020,salvador,988,Bahia,BA,Metrópole (1C) - Município integrante do Arranjo Populacional de Salvador/BA
46,WALTER TANNUS FREITAS,"AVENIDA CENTENARIO, 2726",Chame-chame,RAIZEN,2.99,-,-,-,17/08/2020,salvador,988,Bahia,BA,Metrópole (1C) - Município integrante do Arranjo Populacional de Salvador/BA
47,DEUSREI - COMBUSTIVEIS E LUBRIFICANTES LTDA,"AVENIDA JORGE AMADO, SN LOT 128 A 130, QD 15",Imbui,RAIZEN,2.99,-,-,-,17/08/2020,salvador,988,Bahia,BA,Metrópole (1C) - Município integrante do Arranjo Populacional de Salvador/BA
48,FLAMINGO COMERCIO DE COMBUSTIVEIS LUBRIFICANTES E SERVICOS LTDA,"AVENIDA PROFESSOR MANOEL RIBEIRO, 861 LOTE 1 Q",Stiep,PETROBRAS DISTRIBUIDORA S.A.,2.99,-,-,-,17/08/2020,salvador,988,Bahia,BA,Metrópole (1C) - Município integrante do Arranjo Populacional de Salvador/BA
49,SA NACIONAL DE VEICULOS LTDA,"AVENIDA MARIO LEAL FERREIRA, 920",Brotas,PETROBRAS DISTRIBUIDORA S.A.,2.99,-,-,-,17/08/2020,salvador,988,Bahia,BA,Metrópole (1C) - Município integrante do Arranjo Populacional de Salvador/BA
50,POSTO KALILANDIA LTDA,"AVENIDA OTÁVIO MANGABEIRA, S/N",Piatã,RAIZEN,2.99,-,-,-,17/08/2020,salvador,988,Bahia,BA,Metrópole (1C) - Município integrante do Arranjo Populacional de Salvador/BA
51,TREVO DERIVADOS DE PETROLEO LTDA,"AVENIDA OCTAVIO MANGABEIRA, 9487",Patamares,PETROBRAS DISTRIBUIDORA S.A.,2.99,-,-,-,17/08/2020,salvador,988,Bahia,BA,Metrópole (1C) - Município integrante do Arranjo Populacional de Salvador/BA
52,POSTO KALILANDIA LTDA,"AVENIDA LUIS VIANA, 2078 PARALELA",Imbui,RAIZEN,2.99,-,-,-,17/08/2020,salvador,988,Bahia,BA,Metrópole (1C) - Município integrante do Arranjo Populacional de Salvador/BA
53,AUTO POSTO CENTENÁRIO COM.DE COMB.E SERVIÇOS LTDA,"AVENIDA CENTENÁRIO, 328",Chame Chame,RAIZEN,2.9989999999999997,-,-,-,17/08/2020,salvador,988,Bahia,BA,Metrópole (1C) - Município integrante do Arranjo Populacional de Salvador/BA
54,WF COMERCIO DE COMBUSTIVEIS E SERVICOS LTDA,"AVENIDA PROFESSOR MANOEL RIBEIRO, S/N",Stiep,IPIRANGA,3.09,-,-,-,17/08/2020,salvador,988,Bahia,BA,Metrópole (1C) - Município integrante do Arranjo Populacional de Salvador/BA
55,REDE DE POSTOS OMEGA DE ABASTECIMENTOS DE COMBUSTIVEIS LTDA,"RODOVIA BA 526, 5185",Cassange,PETROBRAS DISTRIBUIDORA S.A.,3.09,-,-,-,17/08/2020,salvador,988,Bahia,BA,Metrópole (1C) - Município integrante do Arranjo Populacional de Salvador/BA
56,ITAPOAN DISTRIBUIDORA DERIVADOS DE PETROLEO LTDA,"AVENIDA LUIZ VIANA FILHO, S/N KM 08",Trobogy,PETROBRAS DISTRIBUIDORA S.A.,3.096,-,-,-,17/08/2020,salvador,988,Bahia,BA,Metrópole (1C) - Município integrante do Arranjo Populacional de Salvador/BA
57,POSTO MARINA COMERCIO E SERVICOS DE COMBUSTIVEIS LTDA,"AVENIDA REITOR MIGUEL CALMON, 2240",Canela,PETROBRAS DISTRIBUIDORA S.A.,3.0989999999999998,-,-,-,17/08/2020,salvador,988,Bahia,BA,Metrópole (1C) - Município integrante do Arranjo Populacional de Salvador/BA
58,VIDA NOVA COMERCIO VAREJISTA DE COMBUSTIVEIS LTDA,"AVENIDA LAFAYETE COUTINHO, 03",Comercio,PETROBRAS DISTRIBUIDORA S.A.,3.0989999999999998,-,-,-,17/08/2020,salvador,988,Bahia,BA,Metrópole (1C) - Município integrante do Arranjo Populacional de Salvador/BA
59,AUTO POSTO VELA BRANCA LTDA,"AVENIDA SIMON BOLIVAR, 438",Armacao,PETROBRAS DISTRIBUIDORA S.A.,3.1,-,-,-,17/08/2020,salvador,988,Bahia,BA,Metrópole (1C) - Município integrante do Arranjo Populacional de Salvador/BA
60,SRB REVENDEDORA DE COMBUSTIVEIS E LUBRIFICANTES LTDA,"AVENIDA ARTHUR DE AZEVEDO MACHADO, 1443 TERREO",Stiep,RAIZEN,3.14,-,-,-,17/08/2020,salvador,988,Bahia,BA,Metrópole (1C) - Município integrante do Arranjo Populacional de Salvador/BA
61,PETROBRAS DISTRIBUIDORA S.A.,"RUA EDISTIO PONDE, 474",Stiep,PETROBRAS DISTRIBUIDORA S.A.,3.14,-,-,-,17/08/2020,salvador,988,Bahia,BA,Metrópole (1C) - Município integrante do Arranjo Populacional de Salvador/BA
62,D & B COMERCIAL LTDA,"AVENIDA PROFESSOR PINTO DE AGUIAR, 2100",Pituacu,RAIZEN,3.14,-,-,-,17/08/2020,salvador,988,Bahia,BA,Metrópole (1C) - Município integrante do Arranjo Populacional de Salvador/BA
63,AUTO POSTO BUDIÃO LTDA.,"RUA DOUTOR AUGUSTO LOPES PONTES, 167",Costa Azul,RAIZEN,3.14,-,-,-,17/08/2020,salvador,988,Bahia,BA,Metrópole (1C) - Município integrante do Arranjo Populacional de Salvador/BA
64,LMT COMERCIO E SERVICOS LTDA,"AVENIDA OCTAVIO MANGABEIRA, 3251",Jardim Armacao,RAIZEN,3.14,-,-,-,17/08/2020,salvador,988,Bahia,BA,Metrópole (1C) - Município integrante do Arranjo Populacional de Salvador/BA
65,POSTO DE COMBUSTIVEL ITAJAI LTDA,"AVENIDA PROF. MAGALHÃES NETO, 1338 GLEBA 20",Pituba,RAIZEN,3.1489999999999996,-,-,-,17/08/2020,salvador,988,Bahia,BA,Metrópole (1C) - Município integrante do Arranjo Populacional de Salvador/BA
66,POSTO VALE DO OGUNJA COMBUSTIVEIS LTDA,"AVENIDA GENERAL GRACA LESSA, 362 VALE DO OGUNJA",Acupe de Brotas,PETROBAHIA,3.16,-,-,-,17/08/2020,salvador,988,Bahia,BA,Metrópole (1C) - Município integrante do Arranjo Populacional de Salvador/BA
67,POSTO DIQUE COMBUSTIVEIS LTDA.,"AVENIDA VASCO DA GAMA, 833 DIQUE DO TORORO",Eng. Velho de Brotas,PETROBRAS DISTRIBUIDORA S.A.,3.19,-,-,-,17/08/2020,salvador,988,Bahia,BA,Metrópole (1C) - Município integrante do Arranjo Populacional de Salvador/BA
68,POSTO JARDIM ARMACAO COMBUSTIVEIS LTDA. - EPP,"AVENIDA OCTAVIO MANGABEIRA, 5030",Armacao,PETROBRAS DISTRIBUIDORA S.A.,3.19,-,-,-,17/08/2020,salvador,988,Bahia,BA,Metrópole (1C) - Município integrante do Arranjo Populacional de Salvador/BA
69,POSTOS MATARIPE ABASTECIMENTOS E SERVICOS LTDA,"AVENIDA MARIO LEAL FERREIRA, 2230 VALE DO BONOCO",Brotas,PETROBRAS DISTRIBUIDORA S.A.,3.19,-,-,-,17/08/2020,salvador,988,Bahia,BA,Metrópole (1C) - Município integrante do Arranjo Populacional de Salvador/BA
70,PACIFICO COMERCIO E SERVICOS DE COMBUSTIVEIS LTDA,"AVENIDA SANTA LUZIA, 1137",Horto Florestal,PETROBRAS DISTRIBUIDORA S.A.,3.19,-,-,-,17/08/2020,salvador,988,Bahia,BA,Metrópole (1C) - Município integrante do Arranjo Populacional de Salvador/BA
71,POSTO KALILANDIA LTDA,"RUA MUNDO NOVO, 1428",Santa Cruz,RAIZEN,3.19,-,-,-,17/08/2020,salvador,988,Bahia,BA,Metrópole (1C) - Município integrante do Arranjo Populacional de Salvador/BA
72,POSTO INDEPENDENCIA DE LUBRIFICAÇAO LTDA,"RUA INDEPENDENCIA, 30 0",Nazaré,IPIRANGA,3.19,-,-,-,17/08/2020,salvador,988,Bahia,BA,Metrópole (1C) - Município integrante do Arranjo Populacional de Salvador/BA
73,3L COMERCIO DE COMBUSTIVEIS E LUBRIFICANTES LTDA.,"AVENIDA CARIBE, S/N",Sao Cristovao,RAIZEN,3.199,-,-,-,17/08/2020,salvador,988,Bahia,BA,Metrópole (1C) - Município integrante do Arranjo Populacional de Salvador/BA
74,MEGA POSTO BERIMBAU LTDA,"AVENIDA ANITA GARIBALDI, 1651",Federação,PETROBRAS DISTRIBUIDORA S.A.,3.24,-,-,-,17/08/2020,salvador,988,Bahia,BA,Metrópole (1C) - Município integrante do Arranjo Populacional de Salvador/BA
75,ESR COMERCIO DE COMBUSTIVEIS E SERVICOS,"AVENIDA VASCO DA GAMA, 4838",Rio Vermelho,PETROBRAS DISTRIBUIDORA S.A.,3.24,-,-,-,17/08/2020,salvador,988,Bahia,BA,Metrópole (1C) - Município integrante do Arranjo Populacional de Salvador/BA
76,GEOPETRUS COMERCIO DE COMBUSTIVEIS LTDA,"AVENIDA OCTAVIO MANGABEIRA, 7253",Boca do Rio,RAIZEN,3.25,-,-,-,17/08/2020,salvador,988,Bahia,BA,Metrópole (1C) - Município integrante do Arranjo Populacional de Salvador/BA
77,ESTELLA MARIS DERIVADOS DE PETROLEO LTDA,"RUA D - PARQUE STELLA MARIS, 92 LOTES 05, 06 E 07",Stella Maris,PETROBRAS DISTRIBUIDORA S.A.,3.28,-,-,-,17/08/2020,salvador,988,Bahia,BA,Metrópole (1C) - Município integrante do Arranjo Populacional de Salvador/BA
78,POSTO KALILANDIA LTDA,"RUA CARLOS GOMES, 1064",Dois de Julho,PETROBRAS DISTRIBUIDORA S.A.,3.29,-,-,-,17/08/2020,salvador,988,Bahia,BA,Metrópole (1C) - Município integrante do Arranjo Populacional de Salvador/BA
79,POSTO KALILANDIA LTDA,"AVENIDA AVENIDA OCTAVIO MANGABEIRA, S/N JARDIM PLACAFORD",Itapoan,PETROBRAS DISTRIBUIDORA S.A.,3.29,-,-,-,17/08/2020,salvador,988,Bahia,BA,Metrópole (1C) - Município integrante do Arranjo Populacional de Salvador/BA
80,AYE DERIVADOS DE PETRÓLEO LTDA - ME,"RUA PROFESSOR SOUZA BRITO, 1014 QUADRA P LOTE 10",Itapuã,PETROBRAS DISTRIBUIDORA S.A.,3.39,-,-,-,17/08/2020,salvador,988,Bahia,BA,Metrópole (1C) - Município integrante do Arranjo Populacional de Salvador/BA
81,J&J COMBUSTIVEIS LTDA,"AVENIDA ANTONIO CARLOS MAGALHAES, 5863",Santa Teresa,IPIRANGA,3.49,-,-,-,17/08/2020,salvador,988,Bahia,BA,Metrópole (1C) - Município integrante do Arranjo Populacional de Salvador/BA
82,FERREIRA COMBUSTIVES LTDA,"RUA MARQUES DE MONTE SANTO, 50",Rio Vermelho,RAIZEN,3.49,-,-,-,17/08/2020,salvador,988,Bahia,BA,Metrópole (1C) - Município integrante do Arranjo Populacional de Salvador/BA
83,ECOPOSTOS - COMBUSTIVEIS E SERVICOS LTDA,"RUA DA GRACA, 120",Graca,PETROBRAS DISTRIBUIDORA S.A.,3.49,-,-,-,17/08/2020,salvador,988,Bahia,BA,Metrópole (1C) - Município integrante do Arranjo Populacional de Salvador/BA
84,ECOPOSTOS - COMBUSTIVEIS E SERVICOS LTDA,"AVENIDA PROFESSOR PINTO DE AGUIAR, 650",Pituacu,PETROBRAS DISTRIBUIDORA S.A.,3.49,-,-,-,17/08/2020,salvador,988,Bahia,BA,Metrópole (1C) - Município integrante do Arranjo Populacional de Salvador/BA
85,ECOPOSTOS - COMBUSTIVEIS E SERVICOS LTDA,"RUA DA GRACA, 06",Graca,PETROBRAS DISTRIBUIDORA S.A.,3.49,-,-,-,17/08/2020,salvador,988,Bahia,BA,Metrópole (1C) - Município integrante do Arranjo Populacional de Salvador/BA
86,POSTO CHAME-CHAME COMERCIO E SERVICOS DE COMBUSTIVEIS LTDA,"RUA COMENDADOR FRANCISCO PEDREIRA, 131",Chame Chame,RAIZEN,3.4989999999999997,-,-,-,17/08/2020,salvador,988,Bahia,BA,Metrópole (1C) - Município integrante do Arranjo Populacional de Salvador/BA
0,POSTO SAO PAULO LTDA,"RUA LUCIO JOSE DE OLIVEIRA, 43 0",Ernesto Melo,PETROBRAS DISTRIBUIDORA S.A.,3.19,-,-,-,17/08/2020,santo antonio de jesus,1006,Bahia,BA,Centro Subregional A (3A)
1,REIS SOUZA COMERCIO DE COMBUSTIVEIS E DERIVADOS DE PETROLEO LTDA,"AVENIDA LUIZ ARGOLO, 570 TERREO",Ernesto Melo,RAIZEN,3.19,-,-,-,17/08/2020,santo antonio de jesus,1006,Bahia,BA,Centro Subregional A (3A)
2,SOBRAL & FILHOS COMERCIO DE COMBUSTIVEIS LTDA,"AVENIDA ANTONIO CARLOS MAGALHAES, 574",Sao Benedito,PETROBRAS DISTRIBUIDORA S.A.,3.19,-,-,-,17/08/2020,santo antonio de jesus,1006,Bahia,BA,Centro Subregional A (3A)
3,DERIVADOS DE PETROLEO EUROPA LTDA,"AVENIDA ANTONIO CARLOS MAGALHAES, S/N COMPLEMENTO N 1.200",Sao Paulo,BRANCA,3.19,-,-,-,17/08/2020,santo antonio de jesus,1006,Bahia,BA,Centro Subregional A (3A)
4,CRUZEIRO DO SUL COM DE COMBUSTIVEIS E SERVICOS LTDA,"RUA TEODORO DIAS BARRETO, 1230",Andaia,BRANCA,3.19,-,-,-,17/08/2020,santo antonio de jesus,1006,Bahia,BA,Centro Subregional A (3A)
5,PORTAL DA ILHA DISTRIBUIDORA DE COMBUSTIVEIS LTDA.,"RODOVIA FERRY BOAT - BA 45 - KM 03, S/N CASA",Santa Terezinha,RAIZEN,3.199,2.770,CIF,-,17/08/2020,santo antonio de jesus,1006,Bahia,BA,Centro Subregional A (3A)
6,POSTO DE ABASTECIMENTO COMB. RECONCAVO BAHIA LTDA,"RODOVIA BR 101, S/N KM 263",Sede,RAIZEN,3.3989999999999996,2.801,CIF,-,17/08/2020,santo antonio de jesus,1006,Bahia,BA,Centro Subregional A (3A)
0,COPRESAM COMERCIO E PRESTACAO DE SERVICOS AGRICOLA MECANIZADA LTDA,"RODOVIA LOMANTO JUNIOR, SN KM 104 TERREO",Contorno,BRANCA,3.35,2.659,CIF,PETROBAHIA,17/08/2020,senhor do bonfim,1036,Bahia,BA,Centro Subregional A (3A)
1,OK COMBUSTIVEIS E LUBRIFICANTES LTDA,"RODOVIA BR 407, S/N KM 127 RODOVIA LOMANTO JUNIOR",Br 407 Km 127,BRANCA,3.45,2.806,CIF,ATLÂNTICA,17/08/2020,senhor do bonfim,1036,Bahia,BA,Centro Subregional A (3A)
2,AUTO POSTO VALE LTDA,"RUA BARAO DO COTEGIPE, 410 TERREO",Centro,IPIRANGA,3.49,-,-,-,17/08/2020,senhor do bonfim,1036,Bahia,BA,Centro Subregional A (3A)
3,POSTO ITAMARATY COMERCIO E REPRESENTACOES LTDA,"AVENIDA DO CONTORNO, 72 TERREO",Centro,IPIRANGA,3.4989999999999997,2.737,CIF,-,17/08/2020,senhor do bonfim,1036,Bahia,BA,Centro Subregional A (3A)
4,ESMERALDA COMERCIAL DERIVADOS DE PETROLEOS LTDA,"AVENIDA ANTONIO CARLOS MAGALHAES, 30",Santos Dumont,BRANCA,3.4989999999999997,2.696,CIF,PETROX DISTRIBUIDORA,17/08/2020,senhor do bonfim,1036,Bahia,BA,Centro Subregional A (3A)
5,M & P COMERCIO DE COMBUSTIVEIS LTDA,"RODOVIA BR 407, S/N KM 130",Sede,RAIZEN,3.5989999999999998,-,-,-,17/08/2020,senhor do bonfim,1036,Bahia,BA,Centro Subregional A (3A)
6,AUTO POSTO VALE LTDA,"RODOVIA LOMANTO JUNIOR KM 102, SN TERREA",Rodoviario,IPIRANGA,3.5989999999999998,2.782,CIF,-,17/08/2020,senhor do bonfim,1036,Bahia,BA,Centro Subregional A (3A)
0,AUTO POSTO TEOFILANDIA E DERIVADOS DE PETROLEO LTDA -ME,"RODOVIA BR 116 KM 364, S/N",Térreo,BRANCA,3.21,2.764,CIF,HORA,17/08/2020,serrinha,1045,Bahia,BA,Centro Subregional B (3B)
1,AVENIDA PRODUTOS DE PETROLEO LTDA,"AVENIDA ANTONIO CARLOS MAGALHAES, 385",Centro,BRANCA,3.24,2.680,CIF,PETROBRAS DISTRIBUIDORA S.A.,17/08/2020,serrinha,1045,Bahia,BA,Centro Subregional B (3B)
2,JOSE MARCONE ALVES DE QUEIROZ ME,"RUA SANTA ROSA, 165",Centro Barrocas,BRANCA,3.259,-,-,-,17/08/2020,serrinha,1045,Bahia,BA,Centro Subregional B (3B)
3,LIMA GUIMARAES DERIVADOS DE PETROLEO LTDA,"AVENIDA LOMANTO JUNIOR, 3001",As Margens da Br 116,BRANCA,3.29,2.770,CIF,PETROBRAS DISTRIBUIDORA S.A.,17/08/2020,serrinha,1045,Bahia,BA,Centro Subregional B (3B)
4,POSTO GUANABARA LTDA,"AVENIDA LOMANTO JUNIOR, S/N",Rod Br 116,PETROBRAS DISTRIBUIDORA S.A.,3.29,2.750,CIF,-,17/08/2020,serrinha,1045,Bahia,BA,Centro Subregional B (3B)
5,PSLL - COMERCIO DE DERIVADOS DE PETROLEO LTDA.,"RUA LOMANTO JUNIOR, 1069",Margem Br 116,PETROBRAS DISTRIBUIDORA S.A.,3.299,2.756,CIF,-,17/08/2020,serrinha,1045,Bahia,BA,Centro Subregional B (3B)
0,HP COMERCIO E DERIVADOS DE PETROLEO LTDA,"RODOVIA BR 324, S/N KM 14",Sede,BRANCA,2.99,2.680,CIF,LARCO,17/08/2020,simoes filho,1047,Bahia,BA,Metrópole (1C) - Município integrante do Arranjo Populacional de Salvador/BA
1,CORESFIL COMERCIO REVENDEDOR DE COMBUSTIVEIS LTDA,"AVENIDA WASHINGTON LUIZ, 169",Centro,PETROBRAS DISTRIBUIDORA S.A.,3.09,2.757,CIF,-,17/08/2020,simoes filho,1047,Bahia,BA,Metrópole (1C) - Município integrante do Arranjo Populacional de Salvador/BA
2,G.R.REVENDEDORA DE COMBUSTIVEIS E LUBRIFICANTES EIRELI,"RODOVIA BR 324, S/N KM. 605 6 PARQUE INDUSTRIAL",Br 324,RAIZEN,3.09,-,-,-,17/08/2020,simoes filho,1047,Bahia,BA,Metrópole (1C) - Município integrante do Arranjo Populacional de Salvador/BA
3,COMERCIAL PARAKY DE COMBUSTIVEIS LTDA.,"RODOVIA BA. 093, KM 01, S/N",Sede,PETROBRAS DISTRIBUIDORA S.A.,3.0989999999999998,2.750,CIF,-,17/08/2020,simoes filho,1047,Bahia,BA,Metrópole (1C) - Município integrante do Arranjo Populacional de Salvador/BA
4,CORESFIL COMERCIO REVENDEDOR DE COMBUSTIVEIS LTDA,"RUA PADRE EMILE FELIX WAGNER, 161",Centro,PETROBRAS DISTRIBUIDORA S.A.,3.14,2.750,CIF,-,17/08/2020,simoes filho,1047,Bahia,BA,Metrópole (1C) - Município integrante do Arranjo Populacional de Salvador/BA
5,JAGUAR BR 324 DERIVADOS DE PETROLEO LTDA,"ROD BR 324, 22750",Cia Sul,RAIZEN,3.19,-,-,-,17/08/2020,simoes filho,1047,Bahia,BA,Metrópole (1C) - Município integrante do Arranjo Populacional de Salvador/BA
6,POSTO GAMELEIRA SIMÕES FILHO LTDA,"AVENIDA ELMO SEREJO FARIAS, 590",Cia,PETROBAHIA,3.29,2.690,CIF,-,17/08/2020,simoes filho,1047,Bahia,BA,Metrópole (1C) - Município integrante do Arranjo Populacional de Salvador/BA
7,ALG DERIVADOS DE PETRÓLEO LTDA.,"RODOVIA BA 093 KM 11,5, SN",Palmares,RAIZEN,3.299,2.685,CIF,-,17/08/2020,simoes filho,1047,Bahia,BA,Metrópole (1C) - Município integrante do Arranjo Populacional de Salvador/BA
8,GIL & SA COMERCIO DE COMBUSTIVEIS E SERVICOS LTDA - ME,"AVENIDA ROCHA, 88 BA 093, KM 10",Simoes Filho,IPIRANGA,3.47,-,-,-,17/08/2020,simoes filho,1047,Bahia,BA,Metrópole (1C) - Município integrante do Arranjo Populacional de Salvador/BA
0,AUTO POSTO DE COMBUSTIVEIS IDEAL LTDA,"AVENIDA PADRE ANCHIETA, 368",Sao Lourenco,BRANCA,3.09,2.679,FOB,PETROSERRA,17/08/2020,teixeira de freitas,1078,Bahia,BA,Centro Subregional A (3A)
1,POSTO SEGURO II - DERIVADOS DE PETRÓLEO LTDA.,"AVENIDA PRESIDENTE GETULIO VARGAS, 6247",Jardim Liberdade,BRANCA,3.239,-,-,-,17/08/2020,teixeira de freitas,1078,Bahia,BA,Centro Subregional A (3A)
2,AUTO POSTO CARAIPE - EIRELI,"AVENIDA SAO PAULO, 150",Jardim Caraipe,BRANCA,3.2489999999999997,-,-,-,17/08/2020,teixeira de freitas,1078,Bahia,BA,Centro Subregional A (3A)
3,AUTO POSTO SKALLA DERIVADOS DE PETROLEO EIRELI,"AVENIDA PRESIDENTE GETULIO VARGAS, 1793 TERREO",Monte Castelo,BRANCA,3.2889999999999997,2.661,FOB,PETROSERRA,17/08/2020,teixeira de freitas,1078,Bahia,BA,Centro Subregional A (3A)
4,OLIVEIRA CUNHA COMERCIO DE DERIVADOS DE PETROLEO LTDA,"AVENIDA PAULO SOUTO, 1270 JARDIM PLANALTO",Vila Caraipe,BRANCA,3.39,-,-,-,17/08/2020,teixeira de freitas,1078,Bahia,BA,Centro Subregional A (3A)
5,AUTO POSTO GAIVOTA LTDA.,"RODOVIA BR 101, 150",Sao Jose,RAIZEN,3.3989999999999996,-,-,-,17/08/2020,teixeira de freitas,1078,Bahia,BA,Centro Subregional A (3A)
6,AUTO POSTO PIONEIRO LTDA,"AVENIDA PRES. GETULIO VARGAS, 4881 KM 860",Pioneiro,RAIZEN,3.3989999999999996,-,-,-,17/08/2020,teixeira de freitas,1078,Bahia,BA,Centro Subregional A (3A)
7,POMAL POSTO MALACARNE LTDA,"RODOVIA BR 101, S/N KM 884",Sede,PETROBRAS DISTRIBUIDORA S.A.,3.3989999999999996,-,-,-,17/08/2020,teixeira de freitas,1078,Bahia,BA,Centro Subregional A (3A)
0,"POSTO AGUA MINERAL, COMBUSTIVEIS E LUBRIFICANTES LTDA","RUA RODOVIA BR 101, SN KM 310",Rodovia,RAIZEN,2.99,-,-,-,17/08/2020,valenca,1102,Bahia,BA,Centro Subregional B (3B)
1,JOSEPAL COMERCIAL DE COMBUSTIVEIS LTDA,"BR 101 KM 305, SN",Entronc Valenca,PETROBRAS DISTRIBUIDORA S.A.,2.99,2.784,CIF,-,17/08/2020,valenca,1102,Bahia,BA,Centro Subregional B (3B)
2,POSTO DE COMBUSTIVEIS PRAIA DE GUAIBIM LTDA - ME,"RODOVIA BA-887 KM 10, S/N",Guaibim,BRANCA,3.3689999999999998,2.710,CIF,LARCO,17/08/2020,valenca,1102,Bahia,BA,Centro Subregional B (3B)
3,ORGANIZACAO GUAIBIM LTDA,"RODOVIA BA-001 ESTRADA VALENCA-TAPEROA, S/N",Aguazinha,BRANCA,3.38,2.644,CIF,PETROBAHIA,17/08/2020,valenca,1102,Bahia,BA,Centro Subregional B (3B)
4,IDVALDO MONTEIRO & FILHOS LTDA,"RUA DA AGUAZINHA, 153",Centro,LARCO,3.38,-,-,-,17/08/2020,valenca,1102,Bahia,BA,Centro Subregional B (3B)
5,PETRO UNA COMERCIAL LTDA,"RUA ULISSES MELGACO PALMA, 21",Graca,BRANCA,3.389,2.653,CIF,-,17/08/2020,valenca,1102,Bahia,BA,Centro Subregional B (3B)
6,MAGGRI COMERCIO E REPRESENTACOES LTDA,"AVENIDA ANTONIO CARLOS MAGALHAES, S/N",Sao Felix,BRANCA,3.389,2.653,CIF,-,17/08/2020,valenca,1102,Bahia,BA,Centro Subregional B (3B)
7,ORGANIZACAO GUAIBIM LTDA,"AVENIDA ANTONIO CARLOS MAGALHAES, 500",São Felix,BRANCA,3.39,2.644,CIF,PETROBAHIA,17/08/2020,valenca,1102,Bahia,BA,Centro Subregional B (3B)
8,AZULAO COMERCIO DE COMBUSTIVEIS EIRELI,"RODOVIA BA 001, S/N KM 0(ZERO)",Trecho Val/taperoa,BRANCA,3.4,-,-,-,17/08/2020,valenca,1102,Bahia,BA,Centro Subregional B (3B)
0,POSTO SURPRESA COMERCIO DE COMBUSTIVEIS LTDA,"AVENIDA JURACY MAGALHAES, 1841 0",Jardim Magalhães,IPIRANGA,3.35,-,-,-,17/08/2020,vitoria da conquista,1116,Bahia,BA,Capital Regional B (2B)
1,COMERCIO DE COMBUSTIVEIS CONQUISTA LTDA,"AVENIDA PRESIDENTE VARGAS, 387",Alto Maron,BRANCA,3.35,-,-,-,17/08/2020,vitoria da conquista,1116,Bahia,BA,Capital Regional B (2B)
2,PASSARELLA COMERCIO DE DERIVADOS DE COMBUSTIVEIS EIRELI,"AVENIDA FREI BENJAMIM, 925 0",Patagônia,BRANCA,3.35,2.783,CIF,PETROBRAS DISTRIBUIDORA S.A.,17/08/2020,vitoria da conquista,1116,Bahia,BA,Capital Regional B (2B)
3,POSTO BELO JARDIM LTDA,"RODOVIA BR 116, S/N KM 836 + 720 MTS",Patagônia,BRANCA,3.35,-,-,-,17/08/2020,vitoria da conquista,1116,Bahia,BA,Capital Regional B (2B)
4,BARBOSA TORRES COMERCIO DE DERIVADOS DE PETROLEO LTDA,"AVENIDA PRESIDENTE DUTRA, 3326",Ibirapuera,BRANCA,3.35,-,-,-,17/08/2020,vitoria da conquista,1116,Bahia,BA,Capital Regional B (2B)
5,COMERCIO DE COMBUSTIVEIS CASTRO & LIMA LTDA,"AVENIDA LUIZ EDUARDO MAGALHAES, 625",Boa Vista,BRANCA,3.36,-,-,-,17/08/2020,vitoria da conquista,1116,Bahia,BA,Capital Regional B (2B)
6,AUTO POSTO PANTANAL LTDA,"AVENIDA OLIVIA FLORES, 1160",Candeias,BRANCA,3.3689999999999998,-,-,-,17/08/2020,vitoria da conquista,1116,Bahia,BA,Capital Regional B (2B)
7,COMERCIO DE COMBUSTIVEIS PANTANAL LTDA,"AVENIDA VIVALDO MENDES FERRAZ, 505",Centro,BRANCA,3.3689999999999998,-,-,-,17/08/2020,vitoria da conquista,1116,Bahia,BA,Capital Regional B (2B)
8,COMERCIO DE COMBUSTIVEIS SAO FELIPE LTDA,"RUA CARIOCA, 05",Centro,RAIZEN,3.39,-,-,-,17/08/2020,vitoria da conquista,1116,Bahia,BA,Capital Regional B (2B)
9,PASSARELLA COMERCIO DE DERIVADOS DE COMBUSTIVEIS EIRELI,"AVENIDA PRESIDENTE DUTRA, 2626",Vitória da Conquista,RAIZEN,3.3989999999999996,-,-,-,17/08/2020,vitoria da conquista,1116,Bahia,BA,Capital Regional B (2B)
